customer_id,first_order_date,acquisition_channel,acquisition_utm_campaign
1,2024-10-16,direct_mail,direct_mail_2024_10
2,2024-07-12,direct_mail,direct_mail_2024_07
3,2023-01-28,meta_buyer_file,meta_buyer_file_2023_01
4,2023-12-15,paid_search_brand,paid_search_brand_2023_12
5,2024-04-15,meta_buyer_file,meta_buyer_file_2024_04
6,2024-10-05,meta_acquisition,meta_acquisition_2024_10
7,2023-02-16,meta_acquisition,meta_acquisition_2023_02
8,2023-04-14,paid_search_nonbrand,paid_search_nonbrand_2023_04
9,2023-06-17,meta_buyer_file,meta_buyer_file_2023_06
10,2023-08-13,meta_acquisition,meta_acquisition_2023_08
11,2023-03-09,direct_mail,direct_mail_2023_03
12,2024-08-21,paid_search_nonbrand,paid_search_nonbrand_2024_08
13,2023-05-22,meta_buyer_file,meta_buyer_file_2023_05
14,2024-07-20,email,email_2024_07
15,2024-07-03,email,email_2024_07
16,2024-05-27,email,email_2024_05
17,2024-10-16,meta_buyer_file,meta_buyer_file_2024_10
18,2023-01-01,meta_acquisition,meta_acquisition_2023_01
19,2023-11-11,paid_search_brand,paid_search_brand_2023_11
20,2023-08-05,organic,organic_2023_08
21,2024-02-13,organic,organic_2024_02
22,2023-05-04,paid_search_brand,paid_search_brand_2023_05
23,2024-08-25,paid_search_brand,paid_search_brand_2024_08
24,2023-12-05,direct_mail,direct_mail_2023_12
25,2023-09-06,email,email_2023_09
26,2023-03-04,paid_search_nonbrand,paid_search_nonbrand_2023_03
27,2023-07-07,paid_search_brand,paid_search_brand_2023_07
28,2024-07-17,direct_mail,direct_mail_2024_07
29,2023-08-31,direct_mail,direct_mail_2023_08
30,2023-09-29,organic,organic_2023_09
31,2024-07-23,meta_acquisition,meta_acquisition_2024_07
32,2023-03-01,meta_buyer_file,meta_buyer_file_2023_03
33,2023-08-29,paid_search_nonbrand,paid_search_nonbrand_2023_08
34,2023-02-10,meta_acquisition,meta_acquisition_2023_02
35,2023-09-25,direct_mail,direct_mail_2023_09
36,2023-03-17,meta_buyer_file,meta_buyer_file_2023_03
37,2023-06-11,paid_search_nonbrand,paid_search_nonbrand_2023_06
38,2024-10-31,meta_buyer_file,meta_buyer_file_2024_10
39,2023-04-17,organic,organic_2023_04
40,2023-04-05,meta_acquisition,meta_acquisition_2023_04
41,2023-05-14,meta_acquisition,meta_acquisition_2023_05
42,2024-03-13,meta_buyer_file,meta_buyer_file_2024_03
43,2023-06-02,meta_buyer_file,meta_buyer_file_2023_06
44,2024-01-02,direct_mail,direct_mail_2024_01
45,2024-02-21,organic,organic_2024_02
46,2024-02-27,direct_mail,direct_mail_2024_02
47,2023-09-12,paid_search_brand,paid_search_brand_2023_09
48,2024-04-26,paid_search_brand,paid_search_brand_2024_04
49,2024-02-13,paid_search_nonbrand,paid_search_nonbrand_2024_02
50,2023-02-09,direct_mail,direct_mail_2023_02
51,2024-01-08,paid_search_nonbrand,paid_search_nonbrand_2024_01
52,2023-05-08,meta_acquisition,meta_acquisition_2023_05
53,2024-02-17,meta_acquisition,meta_acquisition_2024_02
54,2024-01-24,meta_acquisition,meta_acquisition_2024_01
55,2024-07-15,email,email_2024_07
56,2024-09-13,meta_acquisition,meta_acquisition_2024_09
57,2024-04-29,email,email_2024_04
58,2023-10-18,meta_buyer_file,meta_buyer_file_2023_10
59,2023-08-29,meta_acquisition,meta_acquisition_2023_08
60,2024-04-11,paid_search_nonbrand,paid_search_nonbrand_2024_04
61,2024-05-21,paid_search_nonbrand,paid_search_nonbrand_2024_05
62,2023-04-20,email,email_2023_04
63,2024-04-20,direct_mail,direct_mail_2024_04
64,2024-03-29,meta_acquisition,meta_acquisition_2024_03
65,2024-07-15,paid_search_nonbrand,paid_search_nonbrand_2024_07
66,2023-09-11,email,email_2023_09
67,2023-09-02,paid_search_brand,paid_search_brand_2023_09
68,2023-08-08,direct_mail,direct_mail_2023_08
69,2024-08-12,paid_search_nonbrand,paid_search_nonbrand_2024_08
70,2024-03-05,meta_buyer_file,meta_buyer_file_2024_03
71,2024-05-14,direct_mail,direct_mail_2024_05
72,2024-02-19,meta_acquisition,meta_acquisition_2024_02
73,2024-06-30,direct_mail,direct_mail_2024_06
74,2023-12-12,email,email_2023_12
75,2023-09-16,email,email_2023_09
76,2023-07-24,email,email_2023_07
77,2023-04-28,meta_buyer_file,meta_buyer_file_2023_04
78,2023-06-21,meta_acquisition,meta_acquisition_2023_06
79,2023-06-17,organic,organic_2023_06
80,2023-04-15,meta_acquisition,meta_acquisition_2023_04
81,2024-08-02,email,email_2024_08
82,2024-06-02,meta_acquisition,meta_acquisition_2024_06
83,2024-03-19,organic,organic_2024_03
84,2024-03-21,direct_mail,direct_mail_2024_03
85,2024-07-05,email,email_2024_07
86,2023-11-27,email,email_2023_11
87,2023-09-07,email,email_2023_09
88,2023-12-15,paid_search_brand,paid_search_brand_2023_12
89,2024-06-13,organic,organic_2024_06
90,2023-09-04,meta_acquisition,meta_acquisition_2023_09
91,2023-04-06,paid_search_brand,paid_search_brand_2023_04
92,2024-01-13,meta_buyer_file,meta_buyer_file_2024_01
93,2023-12-05,paid_search_nonbrand,paid_search_nonbrand_2023_12
94,2023-04-13,email,email_2023_04
95,2023-04-16,email,email_2023_04
96,2023-04-27,email,email_2023_04
97,2023-02-24,direct_mail,direct_mail_2023_02
98,2024-09-12,meta_acquisition,meta_acquisition_2024_09
99,2024-03-29,paid_search_brand,paid_search_brand_2024_03
100,2023-03-03,meta_acquisition,meta_acquisition_2023_03
101,2023-09-03,direct_mail,direct_mail_2023_09
102,2024-10-02,meta_acquisition,meta_acquisition_2024_10
103,2023-06-02,organic,organic_2023_06
104,2024-02-17,organic,organic_2024_02
105,2024-09-10,paid_search_brand,paid_search_brand_2024_09
106,2024-08-12,meta_acquisition,meta_acquisition_2024_08
107,2024-08-13,direct_mail,direct_mail_2024_08
108,2023-10-12,direct_mail,direct_mail_2023_10
109,2023-11-25,meta_acquisition,meta_acquisition_2023_11
110,2023-10-23,meta_acquisition,meta_acquisition_2023_10
111,2024-02-18,email,email_2024_02
112,2024-04-18,paid_search_nonbrand,paid_search_nonbrand_2024_04
113,2024-10-02,paid_search_nonbrand,paid_search_nonbrand_2024_10
114,2024-05-11,direct_mail,direct_mail_2024_05
115,2023-04-06,paid_search_brand,paid_search_brand_2023_04
116,2024-10-25,email,email_2024_10
117,2023-10-07,paid_search_nonbrand,paid_search_nonbrand_2023_10
118,2023-05-29,paid_search_nonbrand,paid_search_nonbrand_2023_05
119,2023-03-13,paid_search_brand,paid_search_brand_2023_03
120,2024-06-03,paid_search_brand,paid_search_brand_2024_06
121,2024-08-16,organic,organic_2024_08
122,2023-12-20,paid_search_nonbrand,paid_search_nonbrand_2023_12
123,2023-07-13,organic,organic_2023_07
124,2024-02-25,direct_mail,direct_mail_2024_02
125,2024-01-31,organic,organic_2024_01
126,2023-04-13,email,email_2023_04
127,2023-05-28,paid_search_nonbrand,paid_search_nonbrand_2023_05
128,2023-09-29,paid_search_nonbrand,paid_search_nonbrand_2023_09
129,2024-06-30,paid_search_nonbrand,paid_search_nonbrand_2024_06
130,2024-07-08,direct_mail,direct_mail_2024_07
131,2023-08-21,email,email_2023_08
132,2023-04-13,paid_search_nonbrand,paid_search_nonbrand_2023_04
133,2023-05-30,paid_search_brand,paid_search_brand_2023_05
134,2024-09-26,meta_acquisition,meta_acquisition_2024_09
135,2024-10-15,paid_search_brand,paid_search_brand_2024_10
136,2023-10-22,meta_acquisition,meta_acquisition_2023_10
137,2024-08-24,paid_search_brand,paid_search_brand_2024_08
138,2023-11-06,direct_mail,direct_mail_2023_11
139,2024-09-12,email,email_2024_09
140,2023-08-24,meta_acquisition,meta_acquisition_2023_08
141,2023-05-21,meta_acquisition,meta_acquisition_2023_05
142,2024-03-27,direct_mail,direct_mail_2024_03
143,2023-12-01,email,email_2023_12
144,2024-01-10,meta_buyer_file,meta_buyer_file_2024_01
145,2023-05-25,email,email_2023_05
146,2024-02-11,organic,organic_2024_02
147,2023-01-15,paid_search_brand,paid_search_brand_2023_01
148,2023-09-26,meta_acquisition,meta_acquisition_2023_09
149,2024-09-16,paid_search_brand,paid_search_brand_2024_09
150,2023-11-06,meta_acquisition,meta_acquisition_2023_11
151,2024-08-24,email,email_2024_08
152,2024-02-22,organic,organic_2024_02
153,2024-07-11,organic,organic_2024_07
154,2024-04-10,direct_mail,direct_mail_2024_04
155,2023-02-21,email,email_2023_02
156,2023-03-12,email,email_2023_03
157,2023-08-27,paid_search_nonbrand,paid_search_nonbrand_2023_08
158,2023-04-23,meta_acquisition,meta_acquisition_2023_04
159,2023-09-01,meta_acquisition,meta_acquisition_2023_09
160,2024-06-09,meta_acquisition,meta_acquisition_2024_06
161,2024-06-17,paid_search_brand,paid_search_brand_2024_06
162,2024-02-16,paid_search_nonbrand,paid_search_nonbrand_2024_02
163,2023-03-24,paid_search_nonbrand,paid_search_nonbrand_2023_03
164,2024-08-22,meta_buyer_file,meta_buyer_file_2024_08
165,2024-04-09,meta_buyer_file,meta_buyer_file_2024_04
166,2024-02-13,paid_search_nonbrand,paid_search_nonbrand_2024_02
167,2024-01-19,organic,organic_2024_01
168,2023-05-14,meta_buyer_file,meta_buyer_file_2023_05
169,2023-02-22,organic,organic_2023_02
170,2023-08-06,direct_mail,direct_mail_2023_08
171,2024-09-15,organic,organic_2024_09
172,2023-11-13,organic,organic_2023_11
173,2023-06-11,paid_search_nonbrand,paid_search_nonbrand_2023_06
174,2023-03-28,organic,organic_2023_03
175,2024-05-12,meta_acquisition,meta_acquisition_2024_05
176,2023-12-20,paid_search_nonbrand,paid_search_nonbrand_2023_12
177,2023-11-12,direct_mail,direct_mail_2023_11
178,2023-05-03,direct_mail,direct_mail_2023_05
179,2023-11-17,meta_buyer_file,meta_buyer_file_2023_11
180,2023-06-25,email,email_2023_06
181,2023-04-01,paid_search_nonbrand,paid_search_nonbrand_2023_04
182,2023-03-22,paid_search_nonbrand,paid_search_nonbrand_2023_03
183,2023-06-22,direct_mail,direct_mail_2023_06
184,2023-07-22,direct_mail,direct_mail_2023_07
185,2023-06-04,paid_search_nonbrand,paid_search_nonbrand_2023_06
186,2024-08-28,direct_mail,direct_mail_2024_08
187,2023-02-28,paid_search_nonbrand,paid_search_nonbrand_2023_02
188,2023-04-03,meta_acquisition,meta_acquisition_2023_04
189,2023-02-12,paid_search_nonbrand,paid_search_nonbrand_2023_02
190,2024-05-02,meta_buyer_file,meta_buyer_file_2024_05
191,2023-12-18,organic,organic_2023_12
192,2024-09-04,direct_mail,direct_mail_2024_09
193,2024-01-31,paid_search_brand,paid_search_brand_2024_01
194,2023-06-03,paid_search_nonbrand,paid_search_nonbrand_2023_06
195,2024-02-06,direct_mail,direct_mail_2024_02
196,2024-10-20,email,email_2024_10
197,2024-06-23,direct_mail,direct_mail_2024_06
198,2024-05-12,direct_mail,direct_mail_2024_05
199,2023-12-11,email,email_2023_12
200,2024-03-24,direct_mail,direct_mail_2024_03
201,2024-09-17,paid_search_brand,paid_search_brand_2024_09
202,2023-11-13,organic,organic_2023_11
203,2023-07-24,email,email_2023_07
204,2024-01-16,meta_buyer_file,meta_buyer_file_2024_01
205,2023-10-19,direct_mail,direct_mail_2023_10
206,2023-01-28,paid_search_nonbrand,paid_search_nonbrand_2023_01
207,2023-03-25,paid_search_nonbrand,paid_search_nonbrand_2023_03
208,2024-10-27,paid_search_nonbrand,paid_search_nonbrand_2024_10
209,2024-04-28,meta_acquisition,meta_acquisition_2024_04
210,2023-01-06,organic,organic_2023_01
211,2024-10-16,email,email_2024_10
212,2024-09-03,meta_buyer_file,meta_buyer_file_2024_09
213,2023-10-26,paid_search_nonbrand,paid_search_nonbrand_2023_10
214,2023-03-29,meta_buyer_file,meta_buyer_file_2023_03
215,2024-06-03,meta_buyer_file,meta_buyer_file_2024_06
216,2024-01-18,paid_search_brand,paid_search_brand_2024_01
217,2024-05-05,meta_acquisition,meta_acquisition_2024_05
218,2024-04-13,direct_mail,direct_mail_2024_04
219,2023-11-20,organic,organic_2023_11
220,2023-09-17,direct_mail,direct_mail_2023_09
221,2023-02-18,email,email_2023_02
222,2024-05-24,paid_search_nonbrand,paid_search_nonbrand_2024_05
223,2023-03-23,paid_search_nonbrand,paid_search_nonbrand_2023_03
224,2023-06-20,meta_acquisition,meta_acquisition_2023_06
225,2023-12-28,meta_acquisition,meta_acquisition_2023_12
226,2023-02-28,direct_mail,direct_mail_2023_02
227,2023-06-13,organic,organic_2023_06
228,2023-02-05,direct_mail,direct_mail_2023_02
229,2024-06-26,paid_search_nonbrand,paid_search_nonbrand_2024_06
230,2023-01-27,meta_acquisition,meta_acquisition_2023_01
231,2023-09-26,email,email_2023_09
232,2024-05-17,direct_mail,direct_mail_2024_05
233,2023-06-11,meta_acquisition,meta_acquisition_2023_06
234,2024-06-04,paid_search_brand,paid_search_brand_2024_06
235,2024-09-18,organic,organic_2024_09
236,2024-05-05,meta_buyer_file,meta_buyer_file_2024_05
237,2024-07-18,meta_acquisition,meta_acquisition_2024_07
238,2023-02-26,email,email_2023_02
239,2023-05-09,meta_acquisition,meta_acquisition_2023_05
240,2024-08-29,organic,organic_2024_08
241,2024-09-11,paid_search_nonbrand,paid_search_nonbrand_2024_09
242,2023-03-25,direct_mail,direct_mail_2023_03
243,2024-08-08,paid_search_nonbrand,paid_search_nonbrand_2024_08
244,2023-10-24,meta_acquisition,meta_acquisition_2023_10
245,2024-02-20,paid_search_brand,paid_search_brand_2024_02
246,2024-05-10,meta_buyer_file,meta_buyer_file_2024_05
247,2023-11-23,meta_acquisition,meta_acquisition_2023_11
248,2024-04-05,paid_search_brand,paid_search_brand_2024_04
249,2024-06-11,meta_buyer_file,meta_buyer_file_2024_06
250,2023-02-21,paid_search_brand,paid_search_brand_2023_02
251,2023-10-20,meta_buyer_file,meta_buyer_file_2023_10
252,2024-01-10,email,email_2024_01
253,2023-07-19,paid_search_nonbrand,paid_search_nonbrand_2023_07
254,2024-07-17,paid_search_brand,paid_search_brand_2024_07
255,2024-07-25,organic,organic_2024_07
256,2024-05-27,direct_mail,direct_mail_2024_05
257,2024-06-15,paid_search_nonbrand,paid_search_nonbrand_2024_06
258,2024-09-19,paid_search_brand,paid_search_brand_2024_09
259,2024-08-30,paid_search_nonbrand,paid_search_nonbrand_2024_08
260,2023-11-03,meta_buyer_file,meta_buyer_file_2023_11
261,2023-02-22,meta_acquisition,meta_acquisition_2023_02
262,2024-01-25,direct_mail,direct_mail_2024_01
263,2023-04-23,direct_mail,direct_mail_2023_04
264,2023-03-05,meta_acquisition,meta_acquisition_2023_03
265,2024-05-04,meta_buyer_file,meta_buyer_file_2024_05
266,2023-12-17,meta_buyer_file,meta_buyer_file_2023_12
267,2023-09-28,meta_acquisition,meta_acquisition_2023_09
268,2023-08-19,organic,organic_2023_08
269,2024-05-15,paid_search_brand,paid_search_brand_2024_05
270,2023-10-08,paid_search_brand,paid_search_brand_2023_10
271,2024-02-09,email,email_2024_02
272,2024-05-05,direct_mail,direct_mail_2024_05
273,2023-10-06,direct_mail,direct_mail_2023_10
274,2023-01-06,organic,organic_2023_01
275,2024-05-02,meta_buyer_file,meta_buyer_file_2024_05
276,2023-06-29,paid_search_nonbrand,paid_search_nonbrand_2023_06
277,2024-08-04,meta_acquisition,meta_acquisition_2024_08
278,2024-10-18,meta_buyer_file,meta_buyer_file_2024_10
279,2024-04-24,paid_search_brand,paid_search_brand_2024_04
280,2024-10-25,paid_search_brand,paid_search_brand_2024_10
281,2024-08-04,meta_acquisition,meta_acquisition_2024_08
282,2024-02-20,email,email_2024_02
283,2023-07-09,organic,organic_2023_07
284,2023-09-25,meta_acquisition,meta_acquisition_2023_09
285,2024-01-12,meta_acquisition,meta_acquisition_2024_01
286,2024-06-22,paid_search_nonbrand,paid_search_nonbrand_2024_06
287,2023-03-05,email,email_2023_03
288,2023-06-18,paid_search_nonbrand,paid_search_nonbrand_2023_06
289,2024-07-26,meta_buyer_file,meta_buyer_file_2024_07
290,2023-01-04,email,email_2023_01
291,2024-04-28,direct_mail,direct_mail_2024_04
292,2024-10-23,organic,organic_2024_10
293,2024-01-22,paid_search_nonbrand,paid_search_nonbrand_2024_01
294,2024-10-31,email,email_2024_10
295,2023-05-11,meta_acquisition,meta_acquisition_2023_05
296,2023-09-11,meta_buyer_file,meta_buyer_file_2023_09
297,2023-04-26,direct_mail,direct_mail_2023_04
298,2023-01-17,paid_search_brand,paid_search_brand_2023_01
299,2023-02-19,paid_search_brand,paid_search_brand_2023_02
300,2023-02-27,direct_mail,direct_mail_2023_02
301,2024-08-12,paid_search_brand,paid_search_brand_2024_08
302,2023-11-06,email,email_2023_11
303,2023-02-18,organic,organic_2023_02
304,2023-11-23,meta_acquisition,meta_acquisition_2023_11
305,2024-07-29,paid_search_nonbrand,paid_search_nonbrand_2024_07
306,2023-09-19,direct_mail,direct_mail_2023_09
307,2023-04-05,meta_buyer_file,meta_buyer_file_2023_04
308,2023-11-07,organic,organic_2023_11
309,2023-05-01,email,email_2023_05
310,2023-07-29,paid_search_nonbrand,paid_search_nonbrand_2023_07
311,2024-04-22,direct_mail,direct_mail_2024_04
312,2023-07-28,paid_search_nonbrand,paid_search_nonbrand_2023_07
313,2023-10-30,direct_mail,direct_mail_2023_10
314,2024-05-26,meta_buyer_file,meta_buyer_file_2024_05
315,2024-05-15,organic,organic_2024_05
316,2024-06-20,direct_mail,direct_mail_2024_06
317,2023-01-07,paid_search_nonbrand,paid_search_nonbrand_2023_01
318,2023-01-10,direct_mail,direct_mail_2023_01
319,2024-09-23,organic,organic_2024_09
320,2024-02-26,direct_mail,direct_mail_2024_02
321,2023-01-18,meta_buyer_file,meta_buyer_file_2023_01
322,2023-07-03,direct_mail,direct_mail_2023_07
323,2023-08-20,paid_search_brand,paid_search_brand_2023_08
324,2024-10-27,email,email_2024_10
325,2023-02-27,meta_acquisition,meta_acquisition_2023_02
326,2024-10-22,email,email_2024_10
327,2023-02-13,paid_search_brand,paid_search_brand_2023_02
328,2023-10-05,direct_mail,direct_mail_2023_10
329,2024-07-31,meta_acquisition,meta_acquisition_2024_07
330,2023-05-28,email,email_2023_05
331,2024-07-07,paid_search_nonbrand,paid_search_nonbrand_2024_07
332,2023-03-22,meta_buyer_file,meta_buyer_file_2023_03
333,2023-12-01,direct_mail,direct_mail_2023_12
334,2023-03-29,email,email_2023_03
335,2023-04-20,direct_mail,direct_mail_2023_04
336,2023-04-15,direct_mail,direct_mail_2023_04
337,2024-02-22,direct_mail,direct_mail_2024_02
338,2023-11-29,email,email_2023_11
339,2024-07-26,organic,organic_2024_07
340,2023-06-21,paid_search_nonbrand,paid_search_nonbrand_2023_06
341,2023-04-20,direct_mail,direct_mail_2023_04
342,2024-01-25,email,email_2024_01
343,2024-10-28,organic,organic_2024_10
344,2023-07-25,meta_buyer_file,meta_buyer_file_2023_07
345,2024-08-29,organic,organic_2024_08
346,2023-08-03,paid_search_nonbrand,paid_search_nonbrand_2023_08
347,2024-02-23,meta_acquisition,meta_acquisition_2024_02
348,2023-03-17,paid_search_nonbrand,paid_search_nonbrand_2023_03
349,2024-03-04,meta_buyer_file,meta_buyer_file_2024_03
350,2024-07-03,meta_acquisition,meta_acquisition_2024_07
351,2023-12-30,direct_mail,direct_mail_2023_12
352,2024-10-24,paid_search_nonbrand,paid_search_nonbrand_2024_10
353,2023-01-11,direct_mail,direct_mail_2023_01
354,2024-08-12,paid_search_brand,paid_search_brand_2024_08
355,2024-05-27,direct_mail,direct_mail_2024_05
356,2023-12-23,paid_search_brand,paid_search_brand_2023_12
357,2024-05-02,direct_mail,direct_mail_2024_05
358,2023-12-18,meta_acquisition,meta_acquisition_2023_12
359,2023-09-07,meta_buyer_file,meta_buyer_file_2023_09
360,2024-02-10,direct_mail,direct_mail_2024_02
361,2024-02-03,direct_mail,direct_mail_2024_02
362,2023-03-06,meta_buyer_file,meta_buyer_file_2023_03
363,2024-06-24,organic,organic_2024_06
364,2023-04-27,paid_search_nonbrand,paid_search_nonbrand_2023_04
365,2023-11-01,organic,organic_2023_11
366,2023-05-25,meta_buyer_file,meta_buyer_file_2023_05
367,2024-07-22,direct_mail,direct_mail_2024_07
368,2024-09-26,direct_mail,direct_mail_2024_09
369,2024-07-29,meta_buyer_file,meta_buyer_file_2024_07
370,2024-03-30,meta_buyer_file,meta_buyer_file_2024_03
371,2023-10-27,direct_mail,direct_mail_2023_10
372,2024-08-02,email,email_2024_08
373,2024-07-09,email,email_2024_07
374,2024-03-11,direct_mail,direct_mail_2024_03
375,2024-03-25,email,email_2024_03
376,2024-08-06,paid_search_nonbrand,paid_search_nonbrand_2024_08
377,2023-10-27,paid_search_brand,paid_search_brand_2023_10
378,2023-04-08,direct_mail,direct_mail_2023_04
379,2023-09-11,email,email_2023_09
380,2023-10-03,meta_acquisition,meta_acquisition_2023_10
381,2023-04-06,paid_search_nonbrand,paid_search_nonbrand_2023_04
382,2024-04-10,organic,organic_2024_04
383,2023-04-06,meta_acquisition,meta_acquisition_2023_04
384,2023-03-06,email,email_2023_03
385,2024-05-21,paid_search_brand,paid_search_brand_2024_05
386,2024-08-02,email,email_2024_08
387,2023-02-17,direct_mail,direct_mail_2023_02
388,2023-07-27,organic,organic_2023_07
389,2023-02-23,paid_search_nonbrand,paid_search_nonbrand_2023_02
390,2023-01-10,direct_mail,direct_mail_2023_01
391,2023-05-16,meta_buyer_file,meta_buyer_file_2023_05
392,2023-04-16,paid_search_brand,paid_search_brand_2023_04
393,2023-05-17,meta_acquisition,meta_acquisition_2023_05
394,2024-09-16,meta_acquisition,meta_acquisition_2024_09
395,2023-06-05,organic,organic_2023_06
396,2023-12-26,organic,organic_2023_12
397,2023-01-28,email,email_2023_01
398,2024-06-05,direct_mail,direct_mail_2024_06
399,2023-09-03,meta_buyer_file,meta_buyer_file_2023_09
400,2024-06-24,organic,organic_2024_06
401,2024-02-01,email,email_2024_02
402,2024-04-27,organic,organic_2024_04
403,2024-02-12,meta_buyer_file,meta_buyer_file_2024_02
404,2024-07-03,paid_search_nonbrand,paid_search_nonbrand_2024_07
405,2024-10-20,direct_mail,direct_mail_2024_10
406,2023-03-01,paid_search_brand,paid_search_brand_2023_03
407,2023-02-26,paid_search_brand,paid_search_brand_2023_02
408,2023-05-01,email,email_2023_05
409,2024-05-23,paid_search_nonbrand,paid_search_nonbrand_2024_05
410,2024-01-12,direct_mail,direct_mail_2024_01
411,2023-04-29,paid_search_brand,paid_search_brand_2023_04
412,2023-09-08,direct_mail,direct_mail_2023_09
413,2023-08-18,paid_search_nonbrand,paid_search_nonbrand_2023_08
414,2023-07-03,paid_search_brand,paid_search_brand_2023_07
415,2024-04-21,email,email_2024_04
416,2024-04-20,paid_search_nonbrand,paid_search_nonbrand_2024_04
417,2024-07-13,email,email_2024_07
418,2023-08-27,meta_buyer_file,meta_buyer_file_2023_08
419,2023-04-17,direct_mail,direct_mail_2023_04
420,2023-05-26,meta_acquisition,meta_acquisition_2023_05
421,2024-06-16,paid_search_nonbrand,paid_search_nonbrand_2024_06
422,2024-08-17,direct_mail,direct_mail_2024_08
423,2024-02-07,meta_acquisition,meta_acquisition_2024_02
424,2023-06-09,direct_mail,direct_mail_2023_06
425,2023-04-03,direct_mail,direct_mail_2023_04
426,2023-02-11,direct_mail,direct_mail_2023_02
427,2023-12-31,paid_search_nonbrand,paid_search_nonbrand_2023_12
428,2023-06-28,direct_mail,direct_mail_2023_06
429,2023-09-13,direct_mail,direct_mail_2023_09
430,2023-05-14,direct_mail,direct_mail_2023_05
431,2023-03-28,meta_acquisition,meta_acquisition_2023_03
432,2023-05-12,direct_mail,direct_mail_2023_05
433,2023-01-31,paid_search_nonbrand,paid_search_nonbrand_2023_01
434,2023-10-09,paid_search_brand,paid_search_brand_2023_10
435,2023-09-09,meta_acquisition,meta_acquisition_2023_09
436,2023-03-31,paid_search_brand,paid_search_brand_2023_03
437,2024-06-22,paid_search_brand,paid_search_brand_2024_06
438,2024-01-03,meta_buyer_file,meta_buyer_file_2024_01
439,2023-11-26,paid_search_nonbrand,paid_search_nonbrand_2023_11
440,2023-06-13,direct_mail,direct_mail_2023_06
441,2023-02-27,email,email_2023_02
442,2024-02-02,paid_search_nonbrand,paid_search_nonbrand_2024_02
443,2024-07-30,organic,organic_2024_07
444,2024-07-09,paid_search_brand,paid_search_brand_2024_07
445,2023-12-06,organic,organic_2023_12
446,2023-11-28,direct_mail,direct_mail_2023_11
447,2023-03-16,paid_search_nonbrand,paid_search_nonbrand_2023_03
448,2024-10-26,paid_search_brand,paid_search_brand_2024_10
449,2024-09-20,email,email_2024_09
450,2023-10-29,direct_mail,direct_mail_2023_10
451,2024-02-05,email,email_2024_02
452,2023-05-25,paid_search_nonbrand,paid_search_nonbrand_2023_05
453,2023-09-20,email,email_2023_09
454,2024-07-13,paid_search_nonbrand,paid_search_nonbrand_2024_07
455,2023-08-19,direct_mail,direct_mail_2023_08
456,2023-06-14,meta_acquisition,meta_acquisition_2023_06
457,2023-02-24,direct_mail,direct_mail_2023_02
458,2024-07-07,paid_search_brand,paid_search_brand_2024_07
459,2023-07-24,direct_mail,direct_mail_2023_07
460,2024-04-29,email,email_2024_04
461,2023-09-29,direct_mail,direct_mail_2023_09
462,2024-01-14,direct_mail,direct_mail_2024_01
463,2024-08-26,paid_search_brand,paid_search_brand_2024_08
464,2024-07-02,meta_acquisition,meta_acquisition_2024_07
465,2023-11-03,direct_mail,direct_mail_2023_11
466,2023-08-05,email,email_2023_08
467,2024-03-21,direct_mail,direct_mail_2024_03
468,2023-11-24,organic,organic_2023_11
469,2024-02-11,meta_buyer_file,meta_buyer_file_2024_02
470,2023-01-13,email,email_2023_01
471,2023-10-20,email,email_2023_10
472,2023-02-09,paid_search_nonbrand,paid_search_nonbrand_2023_02
473,2023-11-15,paid_search_brand,paid_search_brand_2023_11
474,2023-11-25,paid_search_brand,paid_search_brand_2023_11
475,2024-06-12,email,email_2024_06
476,2024-06-02,paid_search_nonbrand,paid_search_nonbrand_2024_06
477,2023-06-27,direct_mail,direct_mail_2023_06
478,2024-06-01,paid_search_nonbrand,paid_search_nonbrand_2024_06
479,2024-05-15,meta_acquisition,meta_acquisition_2024_05
480,2023-12-25,paid_search_nonbrand,paid_search_nonbrand_2023_12
481,2023-04-03,paid_search_brand,paid_search_brand_2023_04
482,2023-08-08,email,email_2023_08
483,2024-09-07,email,email_2024_09
484,2024-10-20,paid_search_brand,paid_search_brand_2024_10
485,2023-08-12,meta_buyer_file,meta_buyer_file_2023_08
486,2024-07-28,meta_acquisition,meta_acquisition_2024_07
487,2023-10-11,paid_search_brand,paid_search_brand_2023_10
488,2024-09-06,paid_search_nonbrand,paid_search_nonbrand_2024_09
489,2024-02-02,meta_acquisition,meta_acquisition_2024_02
490,2023-12-18,meta_acquisition,meta_acquisition_2023_12
491,2024-01-03,meta_buyer_file,meta_buyer_file_2024_01
492,2023-07-05,paid_search_brand,paid_search_brand_2023_07
493,2024-07-26,email,email_2024_07
494,2024-03-06,email,email_2024_03
495,2024-04-28,organic,organic_2024_04
496,2023-11-02,paid_search_nonbrand,paid_search_nonbrand_2023_11
497,2023-12-17,paid_search_nonbrand,paid_search_nonbrand_2023_12
498,2023-11-20,email,email_2023_11
499,2024-04-07,paid_search_brand,paid_search_brand_2024_04
500,2024-05-16,email,email_2024_05
501,2024-01-18,organic,organic_2024_01
502,2023-01-19,meta_acquisition,meta_acquisition_2023_01
503,2023-12-19,paid_search_brand,paid_search_brand_2023_12
504,2024-04-11,meta_acquisition,meta_acquisition_2024_04
505,2023-05-18,paid_search_nonbrand,paid_search_nonbrand_2023_05
506,2023-05-07,paid_search_nonbrand,paid_search_nonbrand_2023_05
507,2023-09-19,email,email_2023_09
508,2023-04-29,paid_search_nonbrand,paid_search_nonbrand_2023_04
509,2023-06-06,direct_mail,direct_mail_2023_06
510,2024-03-04,email,email_2024_03
511,2024-09-15,direct_mail,direct_mail_2024_09
512,2023-10-30,direct_mail,direct_mail_2023_10
513,2024-05-07,paid_search_nonbrand,paid_search_nonbrand_2024_05
514,2024-08-10,meta_acquisition,meta_acquisition_2024_08
515,2023-04-14,organic,organic_2023_04
516,2023-09-28,meta_buyer_file,meta_buyer_file_2023_09
517,2023-02-16,direct_mail,direct_mail_2023_02
518,2023-04-27,paid_search_nonbrand,paid_search_nonbrand_2023_04
519,2024-05-04,email,email_2024_05
520,2023-07-05,meta_acquisition,meta_acquisition_2023_07
521,2023-05-14,meta_buyer_file,meta_buyer_file_2023_05
522,2024-06-21,email,email_2024_06
523,2023-12-13,meta_buyer_file,meta_buyer_file_2023_12
524,2024-06-01,email,email_2024_06
525,2024-02-17,email,email_2024_02
526,2023-04-01,email,email_2023_04
527,2024-10-31,direct_mail,direct_mail_2024_10
528,2023-04-04,email,email_2023_04
529,2024-07-29,direct_mail,direct_mail_2024_07
530,2023-08-17,email,email_2023_08
531,2024-01-08,meta_acquisition,meta_acquisition_2024_01
532,2023-02-16,organic,organic_2023_02
533,2024-02-24,direct_mail,direct_mail_2024_02
534,2024-02-07,direct_mail,direct_mail_2024_02
535,2024-08-26,organic,organic_2024_08
536,2023-02-19,meta_buyer_file,meta_buyer_file_2023_02
537,2023-07-01,meta_acquisition,meta_acquisition_2023_07
538,2023-10-08,paid_search_nonbrand,paid_search_nonbrand_2023_10
539,2023-05-22,paid_search_nonbrand,paid_search_nonbrand_2023_05
540,2024-10-27,organic,organic_2024_10
541,2023-04-29,email,email_2023_04
542,2024-03-03,meta_acquisition,meta_acquisition_2024_03
543,2024-03-08,email,email_2024_03
544,2023-07-28,email,email_2023_07
545,2023-02-18,organic,organic_2023_02
546,2023-11-17,organic,organic_2023_11
547,2023-07-18,paid_search_brand,paid_search_brand_2023_07
548,2023-02-11,paid_search_nonbrand,paid_search_nonbrand_2023_02
549,2023-09-19,direct_mail,direct_mail_2023_09
550,2023-03-16,email,email_2023_03
551,2024-07-10,meta_buyer_file,meta_buyer_file_2024_07
552,2024-09-25,meta_buyer_file,meta_buyer_file_2024_09
553,2023-01-10,direct_mail,direct_mail_2023_01
554,2024-09-28,paid_search_brand,paid_search_brand_2024_09
555,2023-04-27,paid_search_nonbrand,paid_search_nonbrand_2023_04
556,2024-01-19,meta_buyer_file,meta_buyer_file_2024_01
557,2024-03-10,email,email_2024_03
558,2024-03-21,meta_acquisition,meta_acquisition_2024_03
559,2024-07-25,direct_mail,direct_mail_2024_07
560,2024-02-19,paid_search_nonbrand,paid_search_nonbrand_2024_02
561,2024-10-18,meta_acquisition,meta_acquisition_2024_10
562,2024-05-29,direct_mail,direct_mail_2024_05
563,2023-05-20,email,email_2023_05
564,2024-07-04,meta_buyer_file,meta_buyer_file_2024_07
565,2023-12-19,direct_mail,direct_mail_2023_12
566,2023-07-18,direct_mail,direct_mail_2023_07
567,2023-12-05,paid_search_nonbrand,paid_search_nonbrand_2023_12
568,2024-04-06,paid_search_nonbrand,paid_search_nonbrand_2024_04
569,2023-10-11,email,email_2023_10
570,2024-04-18,paid_search_nonbrand,paid_search_nonbrand_2024_04
571,2023-03-19,organic,organic_2023_03
572,2024-08-15,paid_search_nonbrand,paid_search_nonbrand_2024_08
573,2024-07-10,organic,organic_2024_07
574,2024-02-11,paid_search_nonbrand,paid_search_nonbrand_2024_02
575,2024-09-20,meta_acquisition,meta_acquisition_2024_09
576,2024-08-02,meta_acquisition,meta_acquisition_2024_08
577,2024-01-03,direct_mail,direct_mail_2024_01
578,2024-02-02,meta_buyer_file,meta_buyer_file_2024_02
579,2023-11-28,direct_mail,direct_mail_2023_11
580,2024-06-13,paid_search_brand,paid_search_brand_2024_06
581,2023-12-20,meta_buyer_file,meta_buyer_file_2023_12
582,2023-05-23,paid_search_nonbrand,paid_search_nonbrand_2023_05
583,2023-08-24,paid_search_nonbrand,paid_search_nonbrand_2023_08
584,2024-05-05,direct_mail,direct_mail_2024_05
585,2023-05-18,meta_acquisition,meta_acquisition_2023_05
586,2023-10-18,organic,organic_2023_10
587,2024-05-08,direct_mail,direct_mail_2024_05
588,2023-07-06,meta_acquisition,meta_acquisition_2023_07
589,2024-04-09,meta_acquisition,meta_acquisition_2024_04
590,2023-06-03,meta_acquisition,meta_acquisition_2023_06
591,2024-06-28,meta_buyer_file,meta_buyer_file_2024_06
592,2024-06-26,paid_search_nonbrand,paid_search_nonbrand_2024_06
593,2023-12-25,meta_acquisition,meta_acquisition_2023_12
594,2023-04-11,paid_search_nonbrand,paid_search_nonbrand_2023_04
595,2023-03-27,paid_search_brand,paid_search_brand_2023_03
596,2024-01-06,direct_mail,direct_mail_2024_01
597,2023-07-03,paid_search_nonbrand,paid_search_nonbrand_2023_07
598,2023-08-24,paid_search_nonbrand,paid_search_nonbrand_2023_08
599,2023-04-04,email,email_2023_04
600,2024-09-20,meta_acquisition,meta_acquisition_2024_09
601,2024-05-21,paid_search_nonbrand,paid_search_nonbrand_2024_05
602,2023-10-20,direct_mail,direct_mail_2023_10
603,2024-09-21,direct_mail,direct_mail_2024_09
604,2023-12-28,meta_acquisition,meta_acquisition_2023_12
605,2023-08-20,meta_acquisition,meta_acquisition_2023_08
606,2023-09-25,direct_mail,direct_mail_2023_09
607,2024-03-29,organic,organic_2024_03
608,2024-04-14,meta_acquisition,meta_acquisition_2024_04
609,2023-09-22,direct_mail,direct_mail_2023_09
610,2023-08-24,email,email_2023_08
611,2023-09-27,paid_search_brand,paid_search_brand_2023_09
612,2023-03-19,meta_buyer_file,meta_buyer_file_2023_03
613,2023-07-31,paid_search_brand,paid_search_brand_2023_07
614,2024-09-20,direct_mail,direct_mail_2024_09
615,2024-01-16,meta_acquisition,meta_acquisition_2024_01
616,2023-10-09,meta_buyer_file,meta_buyer_file_2023_10
617,2024-06-22,email,email_2024_06
618,2024-02-08,email,email_2024_02
619,2024-09-19,email,email_2024_09
620,2024-01-10,direct_mail,direct_mail_2024_01
621,2024-01-09,email,email_2024_01
622,2023-07-20,direct_mail,direct_mail_2023_07
623,2023-06-30,paid_search_nonbrand,paid_search_nonbrand_2023_06
624,2024-06-30,meta_acquisition,meta_acquisition_2024_06
625,2024-08-04,direct_mail,direct_mail_2024_08
626,2024-10-06,direct_mail,direct_mail_2024_10
627,2023-09-21,paid_search_nonbrand,paid_search_nonbrand_2023_09
628,2024-09-12,direct_mail,direct_mail_2024_09
629,2023-11-29,meta_acquisition,meta_acquisition_2023_11
630,2024-01-26,meta_acquisition,meta_acquisition_2024_01
631,2024-10-17,email,email_2024_10
632,2023-03-15,direct_mail,direct_mail_2023_03
633,2023-10-01,meta_acquisition,meta_acquisition_2023_10
634,2024-01-07,email,email_2024_01
635,2023-03-23,direct_mail,direct_mail_2023_03
636,2024-04-29,meta_buyer_file,meta_buyer_file_2024_04
637,2023-03-27,direct_mail,direct_mail_2023_03
638,2024-02-04,paid_search_brand,paid_search_brand_2024_02
639,2023-05-15,meta_buyer_file,meta_buyer_file_2023_05
640,2024-08-28,meta_acquisition,meta_acquisition_2024_08
641,2024-06-20,meta_acquisition,meta_acquisition_2024_06
642,2023-08-21,email,email_2023_08
643,2024-05-18,organic,organic_2024_05
644,2023-10-27,meta_acquisition,meta_acquisition_2023_10
645,2023-03-23,paid_search_nonbrand,paid_search_nonbrand_2023_03
646,2023-10-06,paid_search_brand,paid_search_brand_2023_10
647,2023-03-12,direct_mail,direct_mail_2023_03
648,2023-10-06,meta_acquisition,meta_acquisition_2023_10
649,2023-06-04,direct_mail,direct_mail_2023_06
650,2024-05-25,organic,organic_2024_05
651,2023-03-15,meta_buyer_file,meta_buyer_file_2023_03
652,2023-09-11,meta_acquisition,meta_acquisition_2023_09
653,2024-06-17,meta_acquisition,meta_acquisition_2024_06
654,2023-11-27,direct_mail,direct_mail_2023_11
655,2023-07-23,paid_search_nonbrand,paid_search_nonbrand_2023_07
656,2023-08-30,meta_acquisition,meta_acquisition_2023_08
657,2023-02-13,meta_acquisition,meta_acquisition_2023_02
658,2024-09-25,paid_search_nonbrand,paid_search_nonbrand_2024_09
659,2023-06-07,meta_acquisition,meta_acquisition_2023_06
660,2023-05-18,paid_search_brand,paid_search_brand_2023_05
661,2024-07-09,meta_acquisition,meta_acquisition_2024_07
662,2024-04-24,paid_search_brand,paid_search_brand_2024_04
663,2023-03-12,meta_buyer_file,meta_buyer_file_2023_03
664,2024-04-09,direct_mail,direct_mail_2024_04
665,2023-11-25,meta_acquisition,meta_acquisition_2023_11
666,2024-06-20,meta_acquisition,meta_acquisition_2024_06
667,2024-02-24,meta_acquisition,meta_acquisition_2024_02
668,2023-04-20,meta_buyer_file,meta_buyer_file_2023_04
669,2024-05-16,meta_buyer_file,meta_buyer_file_2024_05
670,2024-01-05,meta_buyer_file,meta_buyer_file_2024_01
671,2024-06-15,direct_mail,direct_mail_2024_06
672,2023-04-19,email,email_2023_04
673,2024-03-13,organic,organic_2024_03
674,2023-12-12,meta_acquisition,meta_acquisition_2023_12
675,2023-11-19,meta_buyer_file,meta_buyer_file_2023_11
676,2024-01-04,organic,organic_2024_01
677,2023-10-19,meta_acquisition,meta_acquisition_2023_10
678,2023-11-04,organic,organic_2023_11
679,2023-10-10,organic,organic_2023_10
680,2023-04-07,direct_mail,direct_mail_2023_04
681,2024-05-09,direct_mail,direct_mail_2024_05
682,2023-04-08,meta_acquisition,meta_acquisition_2023_04
683,2023-03-22,email,email_2023_03
684,2024-03-20,paid_search_nonbrand,paid_search_nonbrand_2024_03
685,2023-11-23,meta_buyer_file,meta_buyer_file_2023_11
686,2024-04-01,email,email_2024_04
687,2024-07-15,paid_search_nonbrand,paid_search_nonbrand_2024_07
688,2023-05-14,email,email_2023_05
689,2023-04-26,meta_acquisition,meta_acquisition_2023_04
690,2024-08-31,meta_acquisition,meta_acquisition_2024_08
691,2024-03-28,meta_acquisition,meta_acquisition_2024_03
692,2023-10-22,direct_mail,direct_mail_2023_10
693,2023-07-28,meta_buyer_file,meta_buyer_file_2023_07
694,2023-05-25,meta_acquisition,meta_acquisition_2023_05
695,2024-06-23,direct_mail,direct_mail_2024_06
696,2024-09-24,paid_search_brand,paid_search_brand_2024_09
697,2024-01-04,email,email_2024_01
698,2023-08-25,organic,organic_2023_08
699,2024-05-11,email,email_2024_05
700,2024-04-13,meta_buyer_file,meta_buyer_file_2024_04
701,2023-11-09,paid_search_nonbrand,paid_search_nonbrand_2023_11
702,2023-12-27,paid_search_nonbrand,paid_search_nonbrand_2023_12
703,2023-10-10,email,email_2023_10
704,2023-01-31,organic,organic_2023_01
705,2024-03-03,paid_search_brand,paid_search_brand_2024_03
706,2023-12-04,paid_search_nonbrand,paid_search_nonbrand_2023_12
707,2023-07-27,email,email_2023_07
708,2023-05-19,paid_search_nonbrand,paid_search_nonbrand_2023_05
709,2024-08-01,organic,organic_2024_08
710,2023-05-02,direct_mail,direct_mail_2023_05
711,2023-06-05,email,email_2023_06
712,2024-09-18,meta_acquisition,meta_acquisition_2024_09
713,2023-08-25,meta_acquisition,meta_acquisition_2023_08
714,2024-05-29,email,email_2024_05
715,2023-01-16,organic,organic_2023_01
716,2023-07-27,email,email_2023_07
717,2024-09-23,meta_buyer_file,meta_buyer_file_2024_09
718,2023-02-12,meta_acquisition,meta_acquisition_2023_02
719,2024-08-08,meta_acquisition,meta_acquisition_2024_08
720,2024-06-17,direct_mail,direct_mail_2024_06
721,2023-09-09,meta_buyer_file,meta_buyer_file_2023_09
722,2024-06-12,email,email_2024_06
723,2023-11-08,email,email_2023_11
724,2024-04-19,email,email_2024_04
725,2024-07-13,direct_mail,direct_mail_2024_07
726,2023-07-26,organic,organic_2023_07
727,2023-06-17,meta_acquisition,meta_acquisition_2023_06
728,2024-01-07,direct_mail,direct_mail_2024_01
729,2024-09-18,organic,organic_2024_09
730,2023-12-10,meta_buyer_file,meta_buyer_file_2023_12
731,2023-07-03,email,email_2023_07
732,2024-04-01,paid_search_brand,paid_search_brand_2024_04
733,2023-01-04,meta_acquisition,meta_acquisition_2023_01
734,2024-07-10,email,email_2024_07
735,2024-09-26,meta_acquisition,meta_acquisition_2024_09
736,2023-12-24,direct_mail,direct_mail_2023_12
737,2023-11-02,paid_search_nonbrand,paid_search_nonbrand_2023_11
738,2023-06-15,meta_acquisition,meta_acquisition_2023_06
739,2024-07-29,direct_mail,direct_mail_2024_07
740,2023-04-06,email,email_2023_04
741,2024-03-13,email,email_2024_03
742,2023-04-22,meta_buyer_file,meta_buyer_file_2023_04
743,2023-05-13,meta_acquisition,meta_acquisition_2023_05
744,2023-07-04,organic,organic_2023_07
745,2023-08-01,email,email_2023_08
746,2023-11-04,meta_buyer_file,meta_buyer_file_2023_11
747,2023-12-16,paid_search_nonbrand,paid_search_nonbrand_2023_12
748,2023-07-18,paid_search_nonbrand,paid_search_nonbrand_2023_07
749,2023-02-06,meta_acquisition,meta_acquisition_2023_02
750,2024-07-03,organic,organic_2024_07
751,2023-02-27,email,email_2023_02
752,2023-02-01,paid_search_nonbrand,paid_search_nonbrand_2023_02
753,2023-10-06,paid_search_nonbrand,paid_search_nonbrand_2023_10
754,2023-11-06,direct_mail,direct_mail_2023_11
755,2023-07-26,organic,organic_2023_07
756,2024-05-27,direct_mail,direct_mail_2024_05
757,2023-11-14,email,email_2023_11
758,2024-06-12,meta_acquisition,meta_acquisition_2024_06
759,2024-06-18,direct_mail,direct_mail_2024_06
760,2023-03-31,paid_search_nonbrand,paid_search_nonbrand_2023_03
761,2023-11-16,direct_mail,direct_mail_2023_11
762,2024-03-27,meta_acquisition,meta_acquisition_2024_03
763,2024-08-10,paid_search_brand,paid_search_brand_2024_08
764,2024-03-30,direct_mail,direct_mail_2024_03
765,2024-09-23,paid_search_nonbrand,paid_search_nonbrand_2024_09
766,2024-06-30,direct_mail,direct_mail_2024_06
767,2023-04-06,email,email_2023_04
768,2024-10-21,meta_acquisition,meta_acquisition_2024_10
769,2024-09-23,paid_search_brand,paid_search_brand_2024_09
770,2023-12-05,email,email_2023_12
771,2024-09-10,meta_buyer_file,meta_buyer_file_2024_09
772,2023-04-20,paid_search_nonbrand,paid_search_nonbrand_2023_04
773,2024-02-15,meta_acquisition,meta_acquisition_2024_02
774,2024-03-21,meta_buyer_file,meta_buyer_file_2024_03
775,2023-06-30,paid_search_brand,paid_search_brand_2023_06
776,2024-09-02,email,email_2024_09
777,2023-04-03,direct_mail,direct_mail_2023_04
778,2023-01-01,email,email_2023_01
779,2024-03-21,meta_acquisition,meta_acquisition_2024_03
780,2024-09-18,organic,organic_2024_09
781,2024-01-14,organic,organic_2024_01
782,2024-01-03,direct_mail,direct_mail_2024_01
783,2023-07-12,meta_buyer_file,meta_buyer_file_2023_07
784,2023-05-28,meta_acquisition,meta_acquisition_2023_05
785,2023-03-28,direct_mail,direct_mail_2023_03
786,2024-09-10,organic,organic_2024_09
787,2024-04-05,paid_search_nonbrand,paid_search_nonbrand_2024_04
788,2023-02-04,organic,organic_2023_02
789,2024-04-21,meta_buyer_file,meta_buyer_file_2024_04
790,2024-07-01,email,email_2024_07
791,2023-12-06,paid_search_nonbrand,paid_search_nonbrand_2023_12
792,2024-07-31,paid_search_brand,paid_search_brand_2024_07
793,2023-10-26,email,email_2023_10
794,2023-04-25,meta_acquisition,meta_acquisition_2023_04
795,2024-01-14,email,email_2024_01
796,2024-06-24,email,email_2024_06
797,2024-05-22,email,email_2024_05
798,2024-10-14,direct_mail,direct_mail_2024_10
799,2023-04-29,direct_mail,direct_mail_2023_04
800,2024-01-27,meta_acquisition,meta_acquisition_2024_01
801,2023-09-19,meta_acquisition,meta_acquisition_2023_09
802,2024-08-25,email,email_2024_08
803,2023-11-17,meta_buyer_file,meta_buyer_file_2023_11
804,2023-12-26,direct_mail,direct_mail_2023_12
805,2024-09-05,meta_acquisition,meta_acquisition_2024_09
806,2023-05-14,paid_search_nonbrand,paid_search_nonbrand_2023_05
807,2023-07-09,organic,organic_2023_07
808,2023-03-19,meta_acquisition,meta_acquisition_2023_03
809,2023-11-28,paid_search_brand,paid_search_brand_2023_11
810,2024-03-27,direct_mail,direct_mail_2024_03
811,2023-04-16,direct_mail,direct_mail_2023_04
812,2023-01-20,organic,organic_2023_01
813,2024-02-04,paid_search_brand,paid_search_brand_2024_02
814,2024-06-11,meta_acquisition,meta_acquisition_2024_06
815,2023-03-13,meta_buyer_file,meta_buyer_file_2023_03
816,2024-05-08,direct_mail,direct_mail_2024_05
817,2023-03-24,email,email_2023_03
818,2023-03-28,organic,organic_2023_03
819,2024-05-15,paid_search_nonbrand,paid_search_nonbrand_2024_05
820,2024-04-05,organic,organic_2024_04
821,2024-08-16,paid_search_brand,paid_search_brand_2024_08
822,2023-01-20,meta_buyer_file,meta_buyer_file_2023_01
823,2023-05-14,direct_mail,direct_mail_2023_05
824,2023-04-10,paid_search_nonbrand,paid_search_nonbrand_2023_04
825,2023-04-19,direct_mail,direct_mail_2023_04
826,2023-11-29,direct_mail,direct_mail_2023_11
827,2023-12-10,direct_mail,direct_mail_2023_12
828,2023-04-13,email,email_2023_04
829,2024-03-02,meta_acquisition,meta_acquisition_2024_03
830,2024-02-26,paid_search_brand,paid_search_brand_2024_02
831,2024-05-26,meta_acquisition,meta_acquisition_2024_05
832,2024-03-04,direct_mail,direct_mail_2024_03
833,2024-04-20,email,email_2024_04
834,2024-05-24,direct_mail,direct_mail_2024_05
835,2023-10-19,direct_mail,direct_mail_2023_10
836,2024-04-09,direct_mail,direct_mail_2024_04
837,2023-08-29,meta_acquisition,meta_acquisition_2023_08
838,2024-01-20,organic,organic_2024_01
839,2024-04-13,meta_acquisition,meta_acquisition_2024_04
840,2023-10-15,direct_mail,direct_mail_2023_10
841,2024-08-14,organic,organic_2024_08
842,2024-05-15,email,email_2024_05
843,2023-01-15,meta_acquisition,meta_acquisition_2023_01
844,2024-08-16,paid_search_brand,paid_search_brand_2024_08
845,2023-01-06,paid_search_nonbrand,paid_search_nonbrand_2023_01
846,2024-05-31,direct_mail,direct_mail_2024_05
847,2023-04-11,paid_search_nonbrand,paid_search_nonbrand_2023_04
848,2023-06-15,meta_acquisition,meta_acquisition_2023_06
849,2024-10-03,meta_buyer_file,meta_buyer_file_2024_10
850,2024-06-27,direct_mail,direct_mail_2024_06
851,2024-07-09,meta_buyer_file,meta_buyer_file_2024_07
852,2023-12-10,meta_acquisition,meta_acquisition_2023_12
853,2023-02-22,direct_mail,direct_mail_2023_02
854,2024-07-28,meta_acquisition,meta_acquisition_2024_07
855,2023-04-27,meta_acquisition,meta_acquisition_2023_04
856,2023-08-03,email,email_2023_08
857,2024-05-30,meta_acquisition,meta_acquisition_2024_05
858,2024-05-12,meta_buyer_file,meta_buyer_file_2024_05
859,2024-06-29,organic,organic_2024_06
860,2023-03-09,direct_mail,direct_mail_2023_03
861,2023-04-22,direct_mail,direct_mail_2023_04
862,2023-10-28,paid_search_nonbrand,paid_search_nonbrand_2023_10
863,2024-03-06,paid_search_nonbrand,paid_search_nonbrand_2024_03
864,2024-02-26,meta_buyer_file,meta_buyer_file_2024_02
865,2024-06-26,email,email_2024_06
866,2023-02-18,direct_mail,direct_mail_2023_02
867,2023-06-14,meta_acquisition,meta_acquisition_2023_06
868,2023-06-07,direct_mail,direct_mail_2023_06
869,2024-03-27,paid_search_brand,paid_search_brand_2024_03
870,2023-12-19,direct_mail,direct_mail_2023_12
871,2023-05-29,organic,organic_2023_05
872,2024-07-13,organic,organic_2024_07
873,2023-10-24,organic,organic_2023_10
874,2024-08-01,meta_acquisition,meta_acquisition_2024_08
875,2023-02-11,direct_mail,direct_mail_2023_02
876,2023-02-26,meta_acquisition,meta_acquisition_2023_02
877,2023-10-12,direct_mail,direct_mail_2023_10
878,2023-03-31,organic,organic_2023_03
879,2024-06-07,organic,organic_2024_06
880,2024-04-01,email,email_2024_04
881,2024-02-29,direct_mail,direct_mail_2024_02
882,2023-04-01,direct_mail,direct_mail_2023_04
883,2023-10-24,meta_buyer_file,meta_buyer_file_2023_10
884,2023-11-08,meta_buyer_file,meta_buyer_file_2023_11
885,2023-06-07,paid_search_brand,paid_search_brand_2023_06
886,2024-10-31,meta_acquisition,meta_acquisition_2024_10
887,2024-10-22,paid_search_brand,paid_search_brand_2024_10
888,2023-03-10,meta_acquisition,meta_acquisition_2023_03
889,2023-09-22,meta_acquisition,meta_acquisition_2023_09
890,2024-01-01,direct_mail,direct_mail_2024_01
891,2023-12-31,direct_mail,direct_mail_2023_12
892,2024-09-05,email,email_2024_09
893,2023-11-05,paid_search_brand,paid_search_brand_2023_11
894,2023-12-27,email,email_2023_12
895,2023-07-12,email,email_2023_07
896,2024-06-28,meta_acquisition,meta_acquisition_2024_06
897,2023-03-20,direct_mail,direct_mail_2023_03
898,2023-05-02,paid_search_brand,paid_search_brand_2023_05
899,2024-03-11,meta_acquisition,meta_acquisition_2024_03
900,2024-03-17,direct_mail,direct_mail_2024_03
901,2023-02-14,direct_mail,direct_mail_2023_02
902,2024-09-08,direct_mail,direct_mail_2024_09
903,2024-08-16,paid_search_nonbrand,paid_search_nonbrand_2024_08
904,2023-09-05,meta_buyer_file,meta_buyer_file_2023_09
905,2024-06-25,direct_mail,direct_mail_2024_06
906,2024-07-04,direct_mail,direct_mail_2024_07
907,2024-05-01,paid_search_nonbrand,paid_search_nonbrand_2024_05
908,2023-07-05,email,email_2023_07
909,2024-02-22,direct_mail,direct_mail_2024_02
910,2024-07-24,meta_acquisition,meta_acquisition_2024_07
911,2024-04-12,meta_acquisition,meta_acquisition_2024_04
912,2024-07-21,paid_search_nonbrand,paid_search_nonbrand_2024_07
913,2024-05-02,organic,organic_2024_05
914,2023-04-18,paid_search_nonbrand,paid_search_nonbrand_2023_04
915,2023-03-08,paid_search_nonbrand,paid_search_nonbrand_2023_03
916,2024-02-18,direct_mail,direct_mail_2024_02
917,2024-05-11,meta_buyer_file,meta_buyer_file_2024_05
918,2023-03-11,meta_buyer_file,meta_buyer_file_2023_03
919,2023-12-01,direct_mail,direct_mail_2023_12
920,2024-07-07,meta_buyer_file,meta_buyer_file_2024_07
921,2023-05-02,paid_search_nonbrand,paid_search_nonbrand_2023_05
922,2023-02-03,direct_mail,direct_mail_2023_02
923,2023-06-18,meta_buyer_file,meta_buyer_file_2023_06
924,2023-04-23,meta_buyer_file,meta_buyer_file_2023_04
925,2024-04-26,meta_buyer_file,meta_buyer_file_2024_04
926,2023-03-04,direct_mail,direct_mail_2023_03
927,2023-09-08,paid_search_brand,paid_search_brand_2023_09
928,2023-03-09,email,email_2023_03
929,2023-02-08,meta_buyer_file,meta_buyer_file_2023_02
930,2023-10-01,direct_mail,direct_mail_2023_10
931,2023-06-20,meta_acquisition,meta_acquisition_2023_06
932,2023-03-19,email,email_2023_03
933,2024-08-03,email,email_2024_08
934,2024-10-29,email,email_2024_10
935,2023-11-17,direct_mail,direct_mail_2023_11
936,2024-08-02,meta_acquisition,meta_acquisition_2024_08
937,2023-09-04,direct_mail,direct_mail_2023_09
938,2023-10-01,email,email_2023_10
939,2024-02-20,paid_search_brand,paid_search_brand_2024_02
940,2023-11-14,meta_buyer_file,meta_buyer_file_2023_11
941,2023-02-07,direct_mail,direct_mail_2023_02
942,2023-10-12,meta_acquisition,meta_acquisition_2023_10
943,2024-05-12,email,email_2024_05
944,2023-03-07,organic,organic_2023_03
945,2023-04-03,paid_search_nonbrand,paid_search_nonbrand_2023_04
946,2024-09-06,direct_mail,direct_mail_2024_09
947,2024-02-04,email,email_2024_02
948,2024-03-26,paid_search_nonbrand,paid_search_nonbrand_2024_03
949,2023-04-26,paid_search_brand,paid_search_brand_2023_04
950,2023-05-29,paid_search_nonbrand,paid_search_nonbrand_2023_05
951,2024-10-16,organic,organic_2024_10
952,2024-03-29,paid_search_nonbrand,paid_search_nonbrand_2024_03
953,2023-09-19,paid_search_brand,paid_search_brand_2023_09
954,2024-10-21,paid_search_nonbrand,paid_search_nonbrand_2024_10
955,2024-05-18,meta_buyer_file,meta_buyer_file_2024_05
956,2023-04-13,email,email_2023_04
957,2024-10-18,direct_mail,direct_mail_2024_10
958,2024-08-31,meta_acquisition,meta_acquisition_2024_08
959,2023-05-17,paid_search_brand,paid_search_brand_2023_05
960,2023-07-23,direct_mail,direct_mail_2023_07
961,2023-07-23,paid_search_brand,paid_search_brand_2023_07
962,2024-09-06,paid_search_brand,paid_search_brand_2024_09
963,2023-05-01,direct_mail,direct_mail_2023_05
964,2024-05-21,direct_mail,direct_mail_2024_05
965,2023-09-30,paid_search_brand,paid_search_brand_2023_09
966,2024-09-06,direct_mail,direct_mail_2024_09
967,2023-05-30,direct_mail,direct_mail_2023_05
968,2023-03-29,direct_mail,direct_mail_2023_03
969,2023-08-06,meta_acquisition,meta_acquisition_2023_08
970,2023-08-29,meta_buyer_file,meta_buyer_file_2023_08
971,2024-09-04,meta_acquisition,meta_acquisition_2024_09
972,2024-01-26,paid_search_brand,paid_search_brand_2024_01
973,2024-07-26,direct_mail,direct_mail_2024_07
974,2023-12-14,email,email_2023_12
975,2023-05-26,paid_search_brand,paid_search_brand_2023_05
976,2023-10-15,email,email_2023_10
977,2024-09-19,email,email_2024_09
978,2023-06-18,paid_search_brand,paid_search_brand_2023_06
979,2023-06-17,meta_acquisition,meta_acquisition_2023_06
980,2023-02-11,paid_search_nonbrand,paid_search_nonbrand_2023_02
981,2023-04-26,email,email_2023_04
982,2024-08-20,organic,organic_2024_08
983,2023-12-03,direct_mail,direct_mail_2023_12
984,2024-04-09,meta_acquisition,meta_acquisition_2024_04
985,2023-02-14,meta_acquisition,meta_acquisition_2023_02
986,2024-08-05,direct_mail,direct_mail_2024_08
987,2023-03-14,meta_buyer_file,meta_buyer_file_2023_03
988,2023-04-02,direct_mail,direct_mail_2023_04
989,2024-09-09,direct_mail,direct_mail_2024_09
990,2024-05-16,paid_search_nonbrand,paid_search_nonbrand_2024_05
991,2023-04-03,email,email_2023_04
992,2024-10-25,meta_acquisition,meta_acquisition_2024_10
993,2024-06-21,direct_mail,direct_mail_2024_06
994,2023-11-04,direct_mail,direct_mail_2023_11
995,2024-06-19,paid_search_nonbrand,paid_search_nonbrand_2024_06
996,2024-06-09,direct_mail,direct_mail_2024_06
997,2024-08-05,email,email_2024_08
998,2023-01-17,direct_mail,direct_mail_2023_01
999,2024-04-05,meta_acquisition,meta_acquisition_2024_04
1000,2023-07-11,direct_mail,direct_mail_2023_07
1001,2024-02-19,email,email_2024_02
1002,2024-09-25,email,email_2024_09
1003,2024-02-09,email,email_2024_02
1004,2023-08-03,meta_buyer_file,meta_buyer_file_2023_08
1005,2024-07-05,direct_mail,direct_mail_2024_07
1006,2023-01-23,direct_mail,direct_mail_2023_01
1007,2024-08-06,email,email_2024_08
1008,2024-08-15,meta_acquisition,meta_acquisition_2024_08
1009,2024-05-12,meta_buyer_file,meta_buyer_file_2024_05
1010,2024-05-14,paid_search_brand,paid_search_brand_2024_05
1011,2024-07-20,direct_mail,direct_mail_2024_07
1012,2024-05-21,meta_acquisition,meta_acquisition_2024_05
1013,2023-06-15,paid_search_brand,paid_search_brand_2023_06
1014,2024-09-08,email,email_2024_09
1015,2024-02-04,organic,organic_2024_02
1016,2024-04-28,email,email_2024_04
1017,2023-11-07,paid_search_brand,paid_search_brand_2023_11
1018,2023-03-07,paid_search_nonbrand,paid_search_nonbrand_2023_03
1019,2024-05-13,paid_search_brand,paid_search_brand_2024_05
1020,2024-04-13,organic,organic_2024_04
1021,2024-09-16,email,email_2024_09
1022,2024-01-06,direct_mail,direct_mail_2024_01
1023,2023-01-07,paid_search_brand,paid_search_brand_2023_01
1024,2023-03-29,paid_search_brand,paid_search_brand_2023_03
1025,2023-09-09,direct_mail,direct_mail_2023_09
1026,2023-01-31,paid_search_nonbrand,paid_search_nonbrand_2023_01
1027,2023-03-13,direct_mail,direct_mail_2023_03
1028,2024-08-11,direct_mail,direct_mail_2024_08
1029,2024-06-16,organic,organic_2024_06
1030,2023-11-08,meta_acquisition,meta_acquisition_2023_11
1031,2024-06-24,meta_acquisition,meta_acquisition_2024_06
1032,2024-07-11,meta_acquisition,meta_acquisition_2024_07
1033,2024-10-26,paid_search_nonbrand,paid_search_nonbrand_2024_10
1034,2023-05-10,meta_buyer_file,meta_buyer_file_2023_05
1035,2023-11-16,meta_buyer_file,meta_buyer_file_2023_11
1036,2023-09-23,meta_acquisition,meta_acquisition_2023_09
1037,2023-05-08,paid_search_nonbrand,paid_search_nonbrand_2023_05
1038,2023-08-30,email,email_2023_08
1039,2024-10-04,meta_acquisition,meta_acquisition_2024_10
1040,2024-08-09,meta_acquisition,meta_acquisition_2024_08
1041,2023-12-02,meta_buyer_file,meta_buyer_file_2023_12
1042,2023-03-25,direct_mail,direct_mail_2023_03
1043,2024-08-25,meta_buyer_file,meta_buyer_file_2024_08
1044,2024-10-13,paid_search_nonbrand,paid_search_nonbrand_2024_10
1045,2024-03-02,email,email_2024_03
1046,2023-05-13,organic,organic_2023_05
1047,2024-04-11,meta_buyer_file,meta_buyer_file_2024_04
1048,2023-05-04,paid_search_nonbrand,paid_search_nonbrand_2023_05
1049,2024-08-26,paid_search_nonbrand,paid_search_nonbrand_2024_08
1050,2023-07-07,email,email_2023_07
1051,2024-08-02,paid_search_nonbrand,paid_search_nonbrand_2024_08
1052,2024-09-12,direct_mail,direct_mail_2024_09
1053,2024-04-04,direct_mail,direct_mail_2024_04
1054,2024-09-30,paid_search_nonbrand,paid_search_nonbrand_2024_09
1055,2024-03-29,meta_acquisition,meta_acquisition_2024_03
1056,2024-08-08,meta_acquisition,meta_acquisition_2024_08
1057,2024-10-21,meta_buyer_file,meta_buyer_file_2024_10
1058,2023-02-24,organic,organic_2023_02
1059,2023-01-20,direct_mail,direct_mail_2023_01
1060,2023-03-28,email,email_2023_03
1061,2023-01-25,email,email_2023_01
1062,2023-07-07,paid_search_brand,paid_search_brand_2023_07
1063,2023-06-23,direct_mail,direct_mail_2023_06
1064,2023-11-02,paid_search_nonbrand,paid_search_nonbrand_2023_11
1065,2024-01-20,organic,organic_2024_01
1066,2023-03-09,meta_buyer_file,meta_buyer_file_2023_03
1067,2023-10-03,meta_buyer_file,meta_buyer_file_2023_10
1068,2024-10-29,email,email_2024_10
1069,2023-07-28,email,email_2023_07
1070,2023-02-12,direct_mail,direct_mail_2023_02
1071,2023-10-07,meta_acquisition,meta_acquisition_2023_10
1072,2024-10-09,direct_mail,direct_mail_2024_10
1073,2023-03-13,paid_search_brand,paid_search_brand_2023_03
1074,2024-10-12,paid_search_brand,paid_search_brand_2024_10
1075,2023-08-04,paid_search_nonbrand,paid_search_nonbrand_2023_08
1076,2024-10-23,organic,organic_2024_10
1077,2024-07-23,organic,organic_2024_07
1078,2024-10-26,meta_acquisition,meta_acquisition_2024_10
1079,2024-03-31,meta_acquisition,meta_acquisition_2024_03
1080,2024-01-02,paid_search_nonbrand,paid_search_nonbrand_2024_01
1081,2023-05-08,meta_buyer_file,meta_buyer_file_2023_05
1082,2023-07-16,direct_mail,direct_mail_2023_07
1083,2023-08-28,organic,organic_2023_08
1084,2024-09-12,direct_mail,direct_mail_2024_09
1085,2024-05-27,meta_buyer_file,meta_buyer_file_2024_05
1086,2024-09-09,meta_buyer_file,meta_buyer_file_2024_09
1087,2024-08-06,email,email_2024_08
1088,2024-07-27,organic,organic_2024_07
1089,2024-10-27,direct_mail,direct_mail_2024_10
1090,2023-10-08,direct_mail,direct_mail_2023_10
1091,2023-10-12,organic,organic_2023_10
1092,2023-12-09,direct_mail,direct_mail_2023_12
1093,2024-03-09,organic,organic_2024_03
1094,2024-05-06,paid_search_nonbrand,paid_search_nonbrand_2024_05
1095,2023-09-14,paid_search_brand,paid_search_brand_2023_09
1096,2023-12-08,meta_buyer_file,meta_buyer_file_2023_12
1097,2024-03-25,email,email_2024_03
1098,2023-03-08,email,email_2023_03
1099,2023-04-09,meta_acquisition,meta_acquisition_2023_04
1100,2024-09-30,direct_mail,direct_mail_2024_09
1101,2024-09-26,direct_mail,direct_mail_2024_09
1102,2024-08-24,direct_mail,direct_mail_2024_08
1103,2024-08-09,direct_mail,direct_mail_2024_08
1104,2024-09-27,paid_search_nonbrand,paid_search_nonbrand_2024_09
1105,2024-03-22,meta_buyer_file,meta_buyer_file_2024_03
1106,2024-07-08,email,email_2024_07
1107,2024-01-13,organic,organic_2024_01
1108,2024-03-08,paid_search_nonbrand,paid_search_nonbrand_2024_03
1109,2024-04-23,meta_acquisition,meta_acquisition_2024_04
1110,2024-09-22,paid_search_brand,paid_search_brand_2024_09
1111,2023-02-13,meta_buyer_file,meta_buyer_file_2023_02
1112,2024-04-22,meta_acquisition,meta_acquisition_2024_04
1113,2023-12-06,email,email_2023_12
1114,2023-01-07,paid_search_nonbrand,paid_search_nonbrand_2023_01
1115,2023-07-22,paid_search_brand,paid_search_brand_2023_07
1116,2024-01-24,meta_acquisition,meta_acquisition_2024_01
1117,2023-03-08,direct_mail,direct_mail_2023_03
1118,2024-07-02,paid_search_brand,paid_search_brand_2024_07
1119,2023-10-14,email,email_2023_10
1120,2023-08-03,meta_acquisition,meta_acquisition_2023_08
1121,2023-06-21,meta_buyer_file,meta_buyer_file_2023_06
1122,2024-05-25,meta_buyer_file,meta_buyer_file_2024_05
1123,2024-05-09,meta_acquisition,meta_acquisition_2024_05
1124,2024-08-20,meta_acquisition,meta_acquisition_2024_08
1125,2023-08-29,paid_search_nonbrand,paid_search_nonbrand_2023_08
1126,2024-01-19,paid_search_brand,paid_search_brand_2024_01
1127,2024-02-23,paid_search_nonbrand,paid_search_nonbrand_2024_02
1128,2024-05-28,meta_buyer_file,meta_buyer_file_2024_05
1129,2023-04-11,direct_mail,direct_mail_2023_04
1130,2023-01-09,email,email_2023_01
1131,2024-02-20,email,email_2024_02
1132,2023-06-02,email,email_2023_06
1133,2024-04-17,paid_search_nonbrand,paid_search_nonbrand_2024_04
1134,2024-03-03,direct_mail,direct_mail_2024_03
1135,2024-02-18,email,email_2024_02
1136,2024-08-04,email,email_2024_08
1137,2023-12-05,meta_buyer_file,meta_buyer_file_2023_12
1138,2024-02-05,organic,organic_2024_02
1139,2023-07-12,meta_buyer_file,meta_buyer_file_2023_07
1140,2023-11-08,direct_mail,direct_mail_2023_11
1141,2024-06-20,direct_mail,direct_mail_2024_06
1142,2023-03-12,paid_search_nonbrand,paid_search_nonbrand_2023_03
1143,2023-11-14,paid_search_nonbrand,paid_search_nonbrand_2023_11
1144,2023-11-14,meta_acquisition,meta_acquisition_2023_11
1145,2024-09-11,email,email_2024_09
1146,2024-04-16,meta_buyer_file,meta_buyer_file_2024_04
1147,2024-04-12,paid_search_nonbrand,paid_search_nonbrand_2024_04
1148,2023-06-29,paid_search_nonbrand,paid_search_nonbrand_2023_06
1149,2024-01-29,organic,organic_2024_01
1150,2023-02-14,paid_search_brand,paid_search_brand_2023_02
1151,2023-10-26,meta_acquisition,meta_acquisition_2023_10
1152,2024-05-20,paid_search_nonbrand,paid_search_nonbrand_2024_05
1153,2023-04-18,meta_buyer_file,meta_buyer_file_2023_04
1154,2023-03-16,meta_acquisition,meta_acquisition_2023_03
1155,2024-02-13,email,email_2024_02
1156,2024-05-11,meta_buyer_file,meta_buyer_file_2024_05
1157,2024-03-24,direct_mail,direct_mail_2024_03
1158,2023-05-08,meta_buyer_file,meta_buyer_file_2023_05
1159,2023-10-07,direct_mail,direct_mail_2023_10
1160,2023-02-23,meta_acquisition,meta_acquisition_2023_02
1161,2023-04-04,direct_mail,direct_mail_2023_04
1162,2023-03-06,paid_search_brand,paid_search_brand_2023_03
1163,2023-06-21,meta_acquisition,meta_acquisition_2023_06
1164,2023-11-27,meta_buyer_file,meta_buyer_file_2023_11
1165,2024-03-14,direct_mail,direct_mail_2024_03
1166,2023-10-13,meta_acquisition,meta_acquisition_2023_10
1167,2023-09-15,organic,organic_2023_09
1168,2023-05-17,paid_search_nonbrand,paid_search_nonbrand_2023_05
1169,2024-05-30,meta_acquisition,meta_acquisition_2024_05
1170,2023-05-08,paid_search_brand,paid_search_brand_2023_05
1171,2023-03-03,direct_mail,direct_mail_2023_03
1172,2024-06-17,email,email_2024_06
1173,2023-08-23,email,email_2023_08
1174,2023-09-12,email,email_2023_09
1175,2024-06-17,paid_search_nonbrand,paid_search_nonbrand_2024_06
1176,2023-03-13,organic,organic_2023_03
1177,2023-05-09,direct_mail,direct_mail_2023_05
1178,2023-08-30,meta_buyer_file,meta_buyer_file_2023_08
1179,2023-11-07,paid_search_brand,paid_search_brand_2023_11
1180,2024-03-27,paid_search_nonbrand,paid_search_nonbrand_2024_03
1181,2024-09-01,meta_buyer_file,meta_buyer_file_2024_09
1182,2023-11-10,paid_search_nonbrand,paid_search_nonbrand_2023_11
1183,2023-07-14,direct_mail,direct_mail_2023_07
1184,2024-05-16,paid_search_brand,paid_search_brand_2024_05
1185,2023-05-08,paid_search_nonbrand,paid_search_nonbrand_2023_05
1186,2023-09-19,email,email_2023_09
1187,2024-10-12,meta_acquisition,meta_acquisition_2024_10
1188,2023-09-10,paid_search_brand,paid_search_brand_2023_09
1189,2023-01-29,meta_acquisition,meta_acquisition_2023_01
1190,2023-05-31,paid_search_brand,paid_search_brand_2023_05
1191,2023-01-13,direct_mail,direct_mail_2023_01
1192,2023-11-06,meta_buyer_file,meta_buyer_file_2023_11
1193,2024-02-26,email,email_2024_02
1194,2024-05-18,direct_mail,direct_mail_2024_05
1195,2024-04-06,meta_buyer_file,meta_buyer_file_2024_04
1196,2023-07-16,paid_search_brand,paid_search_brand_2023_07
1197,2024-10-01,direct_mail,direct_mail_2024_10
1198,2023-03-07,paid_search_nonbrand,paid_search_nonbrand_2023_03
1199,2023-04-14,direct_mail,direct_mail_2023_04
1200,2023-02-12,direct_mail,direct_mail_2023_02
1201,2023-09-30,organic,organic_2023_09
1202,2024-01-15,meta_acquisition,meta_acquisition_2024_01
1203,2023-04-13,direct_mail,direct_mail_2023_04
1204,2023-05-23,direct_mail,direct_mail_2023_05
1205,2023-09-12,paid_search_nonbrand,paid_search_nonbrand_2023_09
1206,2024-02-28,meta_acquisition,meta_acquisition_2024_02
1207,2023-11-26,direct_mail,direct_mail_2023_11
1208,2023-11-30,meta_acquisition,meta_acquisition_2023_11
1209,2023-03-25,paid_search_nonbrand,paid_search_nonbrand_2023_03
1210,2023-04-13,meta_acquisition,meta_acquisition_2023_04
1211,2023-06-22,organic,organic_2023_06
1212,2023-09-07,direct_mail,direct_mail_2023_09
1213,2023-08-14,meta_acquisition,meta_acquisition_2023_08
1214,2023-05-20,organic,organic_2023_05
1215,2023-12-07,email,email_2023_12
1216,2024-10-21,paid_search_nonbrand,paid_search_nonbrand_2024_10
1217,2024-10-31,meta_acquisition,meta_acquisition_2024_10
1218,2023-08-17,paid_search_brand,paid_search_brand_2023_08
1219,2023-11-15,direct_mail,direct_mail_2023_11
1220,2023-11-24,email,email_2023_11
1221,2023-08-13,meta_buyer_file,meta_buyer_file_2023_08
1222,2024-10-08,email,email_2024_10
1223,2023-12-08,direct_mail,direct_mail_2023_12
1224,2023-08-19,meta_acquisition,meta_acquisition_2023_08
1225,2024-03-08,meta_acquisition,meta_acquisition_2024_03
1226,2024-06-24,meta_acquisition,meta_acquisition_2024_06
1227,2024-07-15,paid_search_nonbrand,paid_search_nonbrand_2024_07
1228,2023-02-25,email,email_2023_02
1229,2023-05-29,direct_mail,direct_mail_2023_05
1230,2024-01-06,meta_acquisition,meta_acquisition_2024_01
1231,2023-06-01,paid_search_nonbrand,paid_search_nonbrand_2023_06
1232,2023-07-03,organic,organic_2023_07
1233,2024-02-11,meta_buyer_file,meta_buyer_file_2024_02
1234,2024-01-20,email,email_2024_01
1235,2024-01-12,direct_mail,direct_mail_2024_01
1236,2024-06-05,paid_search_brand,paid_search_brand_2024_06
1237,2023-04-07,email,email_2023_04
1238,2024-03-20,paid_search_brand,paid_search_brand_2024_03
1239,2024-07-04,direct_mail,direct_mail_2024_07
1240,2024-07-03,email,email_2024_07
1241,2024-07-05,meta_acquisition,meta_acquisition_2024_07
1242,2023-05-01,direct_mail,direct_mail_2023_05
1243,2023-11-18,direct_mail,direct_mail_2023_11
1244,2024-03-09,organic,organic_2024_03
1245,2024-09-12,meta_buyer_file,meta_buyer_file_2024_09
1246,2023-08-31,direct_mail,direct_mail_2023_08
1247,2023-10-12,direct_mail,direct_mail_2023_10
1248,2024-03-11,organic,organic_2024_03
1249,2023-10-03,organic,organic_2023_10
1250,2024-09-10,paid_search_brand,paid_search_brand_2024_09
1251,2024-02-21,direct_mail,direct_mail_2024_02
1252,2023-08-16,paid_search_nonbrand,paid_search_nonbrand_2023_08
1253,2023-02-19,direct_mail,direct_mail_2023_02
1254,2023-05-10,direct_mail,direct_mail_2023_05
1255,2024-10-16,organic,organic_2024_10
1256,2024-04-13,direct_mail,direct_mail_2024_04
1257,2024-03-14,meta_buyer_file,meta_buyer_file_2024_03
1258,2023-04-06,direct_mail,direct_mail_2023_04
1259,2024-05-19,email,email_2024_05
1260,2023-05-20,meta_buyer_file,meta_buyer_file_2023_05
1261,2023-05-08,paid_search_nonbrand,paid_search_nonbrand_2023_05
1262,2024-03-11,meta_acquisition,meta_acquisition_2024_03
1263,2024-06-24,meta_acquisition,meta_acquisition_2024_06
1264,2023-08-19,direct_mail,direct_mail_2023_08
1265,2024-01-18,organic,organic_2024_01
1266,2023-05-01,paid_search_brand,paid_search_brand_2023_05
1267,2023-02-28,paid_search_nonbrand,paid_search_nonbrand_2023_02
1268,2023-01-06,paid_search_nonbrand,paid_search_nonbrand_2023_01
1269,2023-01-08,direct_mail,direct_mail_2023_01
1270,2024-03-25,meta_acquisition,meta_acquisition_2024_03
1271,2023-01-06,paid_search_nonbrand,paid_search_nonbrand_2023_01
1272,2023-02-02,direct_mail,direct_mail_2023_02
1273,2023-09-30,direct_mail,direct_mail_2023_09
1274,2023-05-11,paid_search_nonbrand,paid_search_nonbrand_2023_05
1275,2024-02-03,direct_mail,direct_mail_2024_02
1276,2024-03-15,organic,organic_2024_03
1277,2023-09-13,paid_search_brand,paid_search_brand_2023_09
1278,2024-03-15,direct_mail,direct_mail_2024_03
1279,2024-05-29,meta_acquisition,meta_acquisition_2024_05
1280,2023-06-02,paid_search_brand,paid_search_brand_2023_06
1281,2023-05-30,paid_search_nonbrand,paid_search_nonbrand_2023_05
1282,2023-03-04,meta_buyer_file,meta_buyer_file_2023_03
1283,2023-07-06,direct_mail,direct_mail_2023_07
1284,2024-01-08,paid_search_nonbrand,paid_search_nonbrand_2024_01
1285,2023-05-14,paid_search_nonbrand,paid_search_nonbrand_2023_05
1286,2024-06-25,meta_acquisition,meta_acquisition_2024_06
1287,2023-03-31,organic,organic_2023_03
1288,2023-11-05,meta_acquisition,meta_acquisition_2023_11
1289,2023-02-14,direct_mail,direct_mail_2023_02
1290,2024-07-27,organic,organic_2024_07
1291,2024-03-22,direct_mail,direct_mail_2024_03
1292,2023-10-24,direct_mail,direct_mail_2023_10
1293,2024-02-12,meta_buyer_file,meta_buyer_file_2024_02
1294,2023-07-08,direct_mail,direct_mail_2023_07
1295,2023-06-25,paid_search_brand,paid_search_brand_2023_06
1296,2023-10-12,organic,organic_2023_10
1297,2023-09-12,organic,organic_2023_09
1298,2024-10-09,meta_acquisition,meta_acquisition_2024_10
1299,2024-07-16,paid_search_brand,paid_search_brand_2024_07
1300,2023-01-11,email,email_2023_01
1301,2024-01-27,organic,organic_2024_01
1302,2023-07-31,email,email_2023_07
1303,2024-02-09,direct_mail,direct_mail_2024_02
1304,2023-07-13,meta_buyer_file,meta_buyer_file_2023_07
1305,2023-05-27,direct_mail,direct_mail_2023_05
1306,2023-04-13,meta_acquisition,meta_acquisition_2023_04
1307,2023-01-14,email,email_2023_01
1308,2023-01-10,organic,organic_2023_01
1309,2024-05-05,direct_mail,direct_mail_2024_05
1310,2023-05-07,direct_mail,direct_mail_2023_05
1311,2023-05-31,paid_search_nonbrand,paid_search_nonbrand_2023_05
1312,2023-04-26,meta_buyer_file,meta_buyer_file_2023_04
1313,2023-10-16,paid_search_nonbrand,paid_search_nonbrand_2023_10
1314,2023-03-28,organic,organic_2023_03
1315,2024-09-06,direct_mail,direct_mail_2024_09
1316,2024-10-01,email,email_2024_10
1317,2024-01-13,organic,organic_2024_01
1318,2023-05-31,paid_search_nonbrand,paid_search_nonbrand_2023_05
1319,2024-05-04,email,email_2024_05
1320,2023-05-29,direct_mail,direct_mail_2023_05
1321,2023-05-22,email,email_2023_05
1322,2024-06-23,meta_buyer_file,meta_buyer_file_2024_06
1323,2023-08-29,paid_search_nonbrand,paid_search_nonbrand_2023_08
1324,2024-04-30,organic,organic_2024_04
1325,2023-09-06,direct_mail,direct_mail_2023_09
1326,2024-05-03,email,email_2024_05
1327,2023-06-03,email,email_2023_06
1328,2023-11-03,meta_buyer_file,meta_buyer_file_2023_11
1329,2023-01-14,paid_search_brand,paid_search_brand_2023_01
1330,2024-03-09,meta_acquisition,meta_acquisition_2024_03
1331,2024-08-08,meta_buyer_file,meta_buyer_file_2024_08
1332,2024-01-22,organic,organic_2024_01
1333,2023-08-13,paid_search_nonbrand,paid_search_nonbrand_2023_08
1334,2023-03-21,email,email_2023_03
1335,2024-01-25,direct_mail,direct_mail_2024_01
1336,2023-01-29,paid_search_brand,paid_search_brand_2023_01
1337,2024-07-18,direct_mail,direct_mail_2024_07
1338,2023-02-15,meta_buyer_file,meta_buyer_file_2023_02
1339,2023-11-19,email,email_2023_11
1340,2023-04-10,paid_search_nonbrand,paid_search_nonbrand_2023_04
1341,2023-06-03,direct_mail,direct_mail_2023_06
1342,2023-02-08,paid_search_brand,paid_search_brand_2023_02
1343,2023-04-06,organic,organic_2023_04
1344,2023-05-25,email,email_2023_05
1345,2024-09-15,meta_acquisition,meta_acquisition_2024_09
1346,2023-12-14,paid_search_brand,paid_search_brand_2023_12
1347,2023-04-10,email,email_2023_04
1348,2023-03-31,meta_buyer_file,meta_buyer_file_2023_03
1349,2023-04-02,direct_mail,direct_mail_2023_04
1350,2023-09-20,email,email_2023_09
1351,2024-08-05,meta_buyer_file,meta_buyer_file_2024_08
1352,2024-09-26,organic,organic_2024_09
1353,2023-11-18,paid_search_nonbrand,paid_search_nonbrand_2023_11
1354,2024-01-20,direct_mail,direct_mail_2024_01
1355,2023-04-22,direct_mail,direct_mail_2023_04
1356,2024-03-19,direct_mail,direct_mail_2024_03
1357,2024-05-12,direct_mail,direct_mail_2024_05
1358,2024-01-06,email,email_2024_01
1359,2023-10-04,paid_search_brand,paid_search_brand_2023_10
1360,2024-03-05,meta_buyer_file,meta_buyer_file_2024_03
1361,2023-04-05,organic,organic_2023_04
1362,2024-05-01,meta_buyer_file,meta_buyer_file_2024_05
1363,2023-11-28,meta_acquisition,meta_acquisition_2023_11
1364,2023-11-21,direct_mail,direct_mail_2023_11
1365,2024-04-06,organic,organic_2024_04
1366,2024-08-15,direct_mail,direct_mail_2024_08
1367,2024-07-13,email,email_2024_07
1368,2024-08-13,organic,organic_2024_08
1369,2023-11-11,meta_buyer_file,meta_buyer_file_2023_11
1370,2024-04-11,paid_search_nonbrand,paid_search_nonbrand_2024_04
1371,2023-12-10,direct_mail,direct_mail_2023_12
1372,2023-03-31,email,email_2023_03
1373,2024-02-26,direct_mail,direct_mail_2024_02
1374,2024-07-18,paid_search_nonbrand,paid_search_nonbrand_2024_07
1375,2024-06-03,paid_search_brand,paid_search_brand_2024_06
1376,2024-02-29,meta_acquisition,meta_acquisition_2024_02
1377,2023-12-10,direct_mail,direct_mail_2023_12
1378,2024-02-05,direct_mail,direct_mail_2024_02
1379,2024-08-14,paid_search_nonbrand,paid_search_nonbrand_2024_08
1380,2024-02-17,organic,organic_2024_02
1381,2024-10-04,organic,organic_2024_10
1382,2023-04-06,direct_mail,direct_mail_2023_04
1383,2023-01-29,meta_acquisition,meta_acquisition_2023_01
1384,2023-01-26,email,email_2023_01
1385,2024-01-02,direct_mail,direct_mail_2024_01
1386,2023-09-24,meta_acquisition,meta_acquisition_2023_09
1387,2024-10-15,organic,organic_2024_10
1388,2023-05-06,direct_mail,direct_mail_2023_05
1389,2024-02-28,direct_mail,direct_mail_2024_02
1390,2024-01-20,organic,organic_2024_01
1391,2024-05-10,organic,organic_2024_05
1392,2023-09-18,organic,organic_2023_09
1393,2023-05-10,paid_search_brand,paid_search_brand_2023_05
1394,2023-07-22,meta_acquisition,meta_acquisition_2023_07
1395,2024-08-20,email,email_2024_08
1396,2024-03-19,organic,organic_2024_03
1397,2024-09-29,direct_mail,direct_mail_2024_09
1398,2023-03-07,paid_search_nonbrand,paid_search_nonbrand_2023_03
1399,2023-11-27,paid_search_nonbrand,paid_search_nonbrand_2023_11
1400,2023-12-03,direct_mail,direct_mail_2023_12
1401,2024-06-23,direct_mail,direct_mail_2024_06
1402,2023-03-18,meta_buyer_file,meta_buyer_file_2023_03
1403,2024-03-07,direct_mail,direct_mail_2024_03
1404,2023-08-31,meta_buyer_file,meta_buyer_file_2023_08
1405,2023-01-05,organic,organic_2023_01
1406,2024-06-30,organic,organic_2024_06
1407,2024-03-01,meta_acquisition,meta_acquisition_2024_03
1408,2024-07-23,email,email_2024_07
1409,2024-01-18,organic,organic_2024_01
1410,2023-05-23,direct_mail,direct_mail_2023_05
1411,2024-07-04,organic,organic_2024_07
1412,2023-03-18,paid_search_brand,paid_search_brand_2023_03
1413,2024-10-14,paid_search_nonbrand,paid_search_nonbrand_2024_10
1414,2024-05-16,organic,organic_2024_05
1415,2024-10-24,meta_acquisition,meta_acquisition_2024_10
1416,2023-03-03,direct_mail,direct_mail_2023_03
1417,2023-06-07,email,email_2023_06
1418,2024-01-30,organic,organic_2024_01
1419,2023-07-12,direct_mail,direct_mail_2023_07
1420,2024-08-14,meta_acquisition,meta_acquisition_2024_08
1421,2023-09-04,direct_mail,direct_mail_2023_09
1422,2024-05-29,paid_search_nonbrand,paid_search_nonbrand_2024_05
1423,2023-02-20,meta_acquisition,meta_acquisition_2023_02
1424,2024-02-17,direct_mail,direct_mail_2024_02
1425,2023-04-24,direct_mail,direct_mail_2023_04
1426,2024-09-27,meta_acquisition,meta_acquisition_2024_09
1427,2023-10-02,meta_buyer_file,meta_buyer_file_2023_10
1428,2024-09-02,paid_search_brand,paid_search_brand_2024_09
1429,2024-09-29,meta_buyer_file,meta_buyer_file_2024_09
1430,2023-03-13,direct_mail,direct_mail_2023_03
1431,2024-04-30,paid_search_nonbrand,paid_search_nonbrand_2024_04
1432,2023-06-24,meta_acquisition,meta_acquisition_2023_06
1433,2024-08-20,direct_mail,direct_mail_2024_08
1434,2023-10-25,email,email_2023_10
1435,2024-04-08,meta_buyer_file,meta_buyer_file_2024_04
1436,2023-09-17,paid_search_nonbrand,paid_search_nonbrand_2023_09
1437,2024-06-14,email,email_2024_06
1438,2023-04-26,paid_search_brand,paid_search_brand_2023_04
1439,2024-08-14,email,email_2024_08
1440,2023-07-18,organic,organic_2023_07
1441,2023-12-06,paid_search_nonbrand,paid_search_nonbrand_2023_12
1442,2024-09-19,direct_mail,direct_mail_2024_09
1443,2023-12-22,paid_search_brand,paid_search_brand_2023_12
1444,2024-04-22,meta_acquisition,meta_acquisition_2024_04
1445,2023-06-16,paid_search_brand,paid_search_brand_2023_06
1446,2023-02-24,meta_buyer_file,meta_buyer_file_2023_02
1447,2023-02-21,paid_search_brand,paid_search_brand_2023_02
1448,2024-07-28,direct_mail,direct_mail_2024_07
1449,2023-07-21,paid_search_nonbrand,paid_search_nonbrand_2023_07
1450,2023-09-25,organic,organic_2023_09
1451,2023-11-27,email,email_2023_11
1452,2024-07-12,direct_mail,direct_mail_2024_07
1453,2023-01-29,organic,organic_2023_01
1454,2024-08-17,meta_buyer_file,meta_buyer_file_2024_08
1455,2023-10-28,direct_mail,direct_mail_2023_10
1456,2024-04-18,email,email_2024_04
1457,2023-12-08,meta_acquisition,meta_acquisition_2023_12
1458,2023-03-04,direct_mail,direct_mail_2023_03
1459,2023-07-29,meta_buyer_file,meta_buyer_file_2023_07
1460,2023-04-28,direct_mail,direct_mail_2023_04
1461,2024-06-01,paid_search_nonbrand,paid_search_nonbrand_2024_06
1462,2023-07-08,email,email_2023_07
1463,2024-03-25,email,email_2024_03
1464,2023-07-09,direct_mail,direct_mail_2023_07
1465,2023-10-09,paid_search_nonbrand,paid_search_nonbrand_2023_10
1466,2024-03-11,direct_mail,direct_mail_2024_03
1467,2023-10-11,direct_mail,direct_mail_2023_10
1468,2023-08-04,paid_search_nonbrand,paid_search_nonbrand_2023_08
1469,2024-02-08,direct_mail,direct_mail_2024_02
1470,2024-09-12,meta_acquisition,meta_acquisition_2024_09
1471,2024-06-22,paid_search_brand,paid_search_brand_2024_06
1472,2024-08-21,meta_acquisition,meta_acquisition_2024_08
1473,2023-06-12,paid_search_brand,paid_search_brand_2023_06
1474,2023-11-28,email,email_2023_11
1475,2023-08-31,direct_mail,direct_mail_2023_08
1476,2024-03-28,email,email_2024_03
1477,2023-11-25,direct_mail,direct_mail_2023_11
1478,2024-07-23,direct_mail,direct_mail_2024_07
1479,2023-06-15,paid_search_nonbrand,paid_search_nonbrand_2023_06
1480,2023-07-28,direct_mail,direct_mail_2023_07
1481,2024-08-04,meta_buyer_file,meta_buyer_file_2024_08
1482,2024-10-19,meta_buyer_file,meta_buyer_file_2024_10
1483,2024-05-27,paid_search_nonbrand,paid_search_nonbrand_2024_05
1484,2023-03-14,meta_buyer_file,meta_buyer_file_2023_03
1485,2023-09-15,paid_search_nonbrand,paid_search_nonbrand_2023_09
1486,2024-02-13,meta_acquisition,meta_acquisition_2024_02
1487,2023-09-27,meta_acquisition,meta_acquisition_2023_09
1488,2023-03-05,paid_search_brand,paid_search_brand_2023_03
1489,2023-02-06,paid_search_nonbrand,paid_search_nonbrand_2023_02
1490,2023-03-24,organic,organic_2023_03
1491,2023-04-17,direct_mail,direct_mail_2023_04
1492,2023-07-20,meta_buyer_file,meta_buyer_file_2023_07
1493,2024-07-19,meta_buyer_file,meta_buyer_file_2024_07
1494,2023-03-01,paid_search_brand,paid_search_brand_2023_03
1495,2024-07-03,meta_buyer_file,meta_buyer_file_2024_07
1496,2023-02-28,direct_mail,direct_mail_2023_02
1497,2024-05-05,meta_acquisition,meta_acquisition_2024_05
1498,2023-07-30,meta_buyer_file,meta_buyer_file_2023_07
1499,2023-08-14,paid_search_nonbrand,paid_search_nonbrand_2023_08
1500,2024-10-31,paid_search_brand,paid_search_brand_2024_10
1501,2023-04-17,direct_mail,direct_mail_2023_04
1502,2023-10-14,direct_mail,direct_mail_2023_10
1503,2023-02-06,organic,organic_2023_02
1504,2023-04-27,direct_mail,direct_mail_2023_04
1505,2023-11-04,email,email_2023_11
1506,2024-05-22,direct_mail,direct_mail_2024_05
1507,2023-01-27,organic,organic_2023_01
1508,2023-09-26,email,email_2023_09
1509,2024-07-01,meta_buyer_file,meta_buyer_file_2024_07
1510,2023-06-16,organic,organic_2023_06
1511,2023-03-29,organic,organic_2023_03
1512,2023-02-09,meta_acquisition,meta_acquisition_2023_02
1513,2024-09-14,direct_mail,direct_mail_2024_09
1514,2023-07-03,paid_search_nonbrand,paid_search_nonbrand_2023_07
1515,2023-10-11,organic,organic_2023_10
1516,2023-09-22,email,email_2023_09
1517,2024-08-16,paid_search_brand,paid_search_brand_2024_08
1518,2023-09-23,organic,organic_2023_09
1519,2024-07-07,meta_acquisition,meta_acquisition_2024_07
1520,2024-03-01,direct_mail,direct_mail_2024_03
1521,2023-06-14,paid_search_nonbrand,paid_search_nonbrand_2023_06
1522,2023-04-19,meta_acquisition,meta_acquisition_2023_04
1523,2024-06-04,email,email_2024_06
1524,2024-08-19,direct_mail,direct_mail_2024_08
1525,2023-03-22,organic,organic_2023_03
1526,2024-08-11,meta_acquisition,meta_acquisition_2024_08
1527,2023-02-22,meta_acquisition,meta_acquisition_2023_02
1528,2023-07-19,email,email_2023_07
1529,2024-01-06,direct_mail,direct_mail_2024_01
1530,2024-07-04,paid_search_brand,paid_search_brand_2024_07
1531,2024-09-12,paid_search_brand,paid_search_brand_2024_09
1532,2023-06-01,meta_buyer_file,meta_buyer_file_2023_06
1533,2024-04-09,direct_mail,direct_mail_2024_04
1534,2024-04-26,email,email_2024_04
1535,2024-03-08,paid_search_nonbrand,paid_search_nonbrand_2024_03
1536,2023-05-02,paid_search_nonbrand,paid_search_nonbrand_2023_05
1537,2023-04-21,organic,organic_2023_04
1538,2024-05-03,meta_acquisition,meta_acquisition_2024_05
1539,2024-06-05,direct_mail,direct_mail_2024_06
1540,2023-04-10,paid_search_brand,paid_search_brand_2023_04
1541,2024-06-21,meta_buyer_file,meta_buyer_file_2024_06
1542,2023-07-02,organic,organic_2023_07
1543,2023-08-04,paid_search_nonbrand,paid_search_nonbrand_2023_08
1544,2023-06-23,paid_search_brand,paid_search_brand_2023_06
1545,2023-08-26,meta_acquisition,meta_acquisition_2023_08
1546,2023-06-22,direct_mail,direct_mail_2023_06
1547,2024-01-14,direct_mail,direct_mail_2024_01
1548,2024-06-17,direct_mail,direct_mail_2024_06
1549,2023-05-03,paid_search_nonbrand,paid_search_nonbrand_2023_05
1550,2023-10-13,meta_acquisition,meta_acquisition_2023_10
1551,2024-06-03,paid_search_nonbrand,paid_search_nonbrand_2024_06
1552,2023-03-17,meta_acquisition,meta_acquisition_2023_03
1553,2024-06-17,paid_search_brand,paid_search_brand_2024_06
1554,2023-02-06,organic,organic_2023_02
1555,2023-08-14,meta_acquisition,meta_acquisition_2023_08
1556,2024-05-23,paid_search_brand,paid_search_brand_2024_05
1557,2023-08-08,direct_mail,direct_mail_2023_08
1558,2024-09-20,paid_search_nonbrand,paid_search_nonbrand_2024_09
1559,2023-07-04,email,email_2023_07
1560,2024-05-16,email,email_2024_05
1561,2023-04-09,direct_mail,direct_mail_2023_04
1562,2024-03-05,organic,organic_2024_03
1563,2024-05-10,email,email_2024_05
1564,2023-01-30,paid_search_brand,paid_search_brand_2023_01
1565,2023-03-04,meta_buyer_file,meta_buyer_file_2023_03
1566,2023-12-14,meta_acquisition,meta_acquisition_2023_12
1567,2024-09-20,meta_acquisition,meta_acquisition_2024_09
1568,2023-01-22,email,email_2023_01
1569,2024-07-20,direct_mail,direct_mail_2024_07
1570,2023-06-10,email,email_2023_06
1571,2023-08-09,meta_buyer_file,meta_buyer_file_2023_08
1572,2024-06-23,direct_mail,direct_mail_2024_06
1573,2024-01-22,meta_acquisition,meta_acquisition_2024_01
1574,2023-01-21,direct_mail,direct_mail_2023_01
1575,2023-11-06,paid_search_brand,paid_search_brand_2023_11
1576,2024-04-27,paid_search_nonbrand,paid_search_nonbrand_2024_04
1577,2023-10-13,meta_buyer_file,meta_buyer_file_2023_10
1578,2024-07-13,meta_acquisition,meta_acquisition_2024_07
1579,2024-10-20,paid_search_brand,paid_search_brand_2024_10
1580,2023-08-01,email,email_2023_08
1581,2023-06-04,direct_mail,direct_mail_2023_06
1582,2023-10-02,meta_acquisition,meta_acquisition_2023_10
1583,2023-11-17,organic,organic_2023_11
1584,2024-07-22,email,email_2024_07
1585,2023-02-09,organic,organic_2023_02
1586,2023-05-24,email,email_2023_05
1587,2024-07-31,meta_acquisition,meta_acquisition_2024_07
1588,2024-01-16,meta_buyer_file,meta_buyer_file_2024_01
1589,2023-05-19,direct_mail,direct_mail_2023_05
1590,2023-11-16,meta_acquisition,meta_acquisition_2023_11
1591,2023-04-07,direct_mail,direct_mail_2023_04
1592,2024-08-21,meta_acquisition,meta_acquisition_2024_08
1593,2024-07-28,meta_buyer_file,meta_buyer_file_2024_07
1594,2023-04-15,direct_mail,direct_mail_2023_04
1595,2023-08-10,direct_mail,direct_mail_2023_08
1596,2023-05-21,meta_buyer_file,meta_buyer_file_2023_05
1597,2024-06-27,direct_mail,direct_mail_2024_06
1598,2023-10-12,meta_acquisition,meta_acquisition_2023_10
1599,2023-09-14,meta_acquisition,meta_acquisition_2023_09
1600,2023-01-26,email,email_2023_01
1601,2023-07-20,paid_search_nonbrand,paid_search_nonbrand_2023_07
1602,2024-05-29,organic,organic_2024_05
1603,2024-04-27,organic,organic_2024_04
1604,2024-10-25,email,email_2024_10
1605,2023-07-01,email,email_2023_07
1606,2023-02-27,paid_search_nonbrand,paid_search_nonbrand_2023_02
1607,2023-10-12,organic,organic_2023_10
1608,2024-03-02,email,email_2024_03
1609,2024-05-28,direct_mail,direct_mail_2024_05
1610,2023-05-01,paid_search_nonbrand,paid_search_nonbrand_2023_05
1611,2024-04-19,direct_mail,direct_mail_2024_04
1612,2023-08-11,meta_acquisition,meta_acquisition_2023_08
1613,2023-11-12,email,email_2023_11
1614,2023-08-20,email,email_2023_08
1615,2023-09-23,meta_acquisition,meta_acquisition_2023_09
1616,2023-12-24,email,email_2023_12
1617,2023-06-24,direct_mail,direct_mail_2023_06
1618,2023-08-01,paid_search_nonbrand,paid_search_nonbrand_2023_08
1619,2023-10-03,direct_mail,direct_mail_2023_10
1620,2024-05-01,direct_mail,direct_mail_2024_05
1621,2023-02-04,paid_search_nonbrand,paid_search_nonbrand_2023_02
1622,2023-06-12,paid_search_nonbrand,paid_search_nonbrand_2023_06
1623,2024-08-30,meta_buyer_file,meta_buyer_file_2024_08
1624,2023-09-16,meta_acquisition,meta_acquisition_2023_09
1625,2023-02-11,organic,organic_2023_02
1626,2024-06-03,direct_mail,direct_mail_2024_06
1627,2024-08-30,direct_mail,direct_mail_2024_08
1628,2024-06-20,direct_mail,direct_mail_2024_06
1629,2023-02-25,organic,organic_2023_02
1630,2024-04-14,paid_search_nonbrand,paid_search_nonbrand_2024_04
1631,2023-08-30,email,email_2023_08
1632,2023-08-06,organic,organic_2023_08
1633,2023-04-09,paid_search_nonbrand,paid_search_nonbrand_2023_04
1634,2023-12-01,organic,organic_2023_12
1635,2024-02-08,meta_buyer_file,meta_buyer_file_2024_02
1636,2023-01-28,paid_search_brand,paid_search_brand_2023_01
1637,2023-05-22,meta_buyer_file,meta_buyer_file_2023_05
1638,2023-02-05,paid_search_brand,paid_search_brand_2023_02
1639,2023-06-14,paid_search_brand,paid_search_brand_2023_06
1640,2024-05-12,meta_acquisition,meta_acquisition_2024_05
1641,2024-05-29,paid_search_nonbrand,paid_search_nonbrand_2024_05
1642,2024-01-09,direct_mail,direct_mail_2024_01
1643,2023-03-23,direct_mail,direct_mail_2023_03
1644,2023-07-22,meta_buyer_file,meta_buyer_file_2023_07
1645,2023-09-16,paid_search_nonbrand,paid_search_nonbrand_2023_09
1646,2024-10-13,direct_mail,direct_mail_2024_10
1647,2024-02-10,paid_search_brand,paid_search_brand_2024_02
1648,2024-10-10,meta_buyer_file,meta_buyer_file_2024_10
1649,2024-09-24,paid_search_brand,paid_search_brand_2024_09
1650,2024-06-20,meta_buyer_file,meta_buyer_file_2024_06
1651,2024-10-15,email,email_2024_10
1652,2023-12-12,organic,organic_2023_12
1653,2023-11-07,meta_acquisition,meta_acquisition_2023_11
1654,2023-02-20,paid_search_nonbrand,paid_search_nonbrand_2023_02
1655,2023-07-10,paid_search_brand,paid_search_brand_2023_07
1656,2023-10-19,paid_search_brand,paid_search_brand_2023_10
1657,2023-05-13,paid_search_brand,paid_search_brand_2023_05
1658,2023-04-10,paid_search_brand,paid_search_brand_2023_04
1659,2024-07-08,paid_search_nonbrand,paid_search_nonbrand_2024_07
1660,2023-12-21,email,email_2023_12
1661,2024-06-29,meta_acquisition,meta_acquisition_2024_06
1662,2023-03-22,meta_acquisition,meta_acquisition_2023_03
1663,2024-10-01,paid_search_nonbrand,paid_search_nonbrand_2024_10
1664,2024-05-17,organic,organic_2024_05
1665,2023-04-24,meta_buyer_file,meta_buyer_file_2023_04
1666,2024-02-15,meta_buyer_file,meta_buyer_file_2024_02
1667,2023-10-13,paid_search_brand,paid_search_brand_2023_10
1668,2024-10-10,email,email_2024_10
1669,2024-02-18,meta_buyer_file,meta_buyer_file_2024_02
1670,2024-04-20,meta_acquisition,meta_acquisition_2024_04
1671,2024-03-04,organic,organic_2024_03
1672,2023-05-22,meta_acquisition,meta_acquisition_2023_05
1673,2024-02-23,organic,organic_2024_02
1674,2024-04-28,meta_acquisition,meta_acquisition_2024_04
1675,2024-10-31,paid_search_nonbrand,paid_search_nonbrand_2024_10
1676,2024-04-13,paid_search_nonbrand,paid_search_nonbrand_2024_04
1677,2023-07-24,paid_search_nonbrand,paid_search_nonbrand_2023_07
1678,2024-05-27,meta_acquisition,meta_acquisition_2024_05
1679,2023-06-13,paid_search_brand,paid_search_brand_2023_06
1680,2024-02-21,email,email_2024_02
1681,2024-03-25,meta_buyer_file,meta_buyer_file_2024_03
1682,2023-05-30,email,email_2023_05
1683,2023-06-23,paid_search_nonbrand,paid_search_nonbrand_2023_06
1684,2024-05-18,email,email_2024_05
1685,2023-12-05,email,email_2023_12
1686,2023-05-24,direct_mail,direct_mail_2023_05
1687,2024-03-26,meta_acquisition,meta_acquisition_2024_03
1688,2023-09-23,paid_search_nonbrand,paid_search_nonbrand_2023_09
1689,2024-05-03,meta_acquisition,meta_acquisition_2024_05
1690,2024-05-11,meta_acquisition,meta_acquisition_2024_05
1691,2024-01-24,direct_mail,direct_mail_2024_01
1692,2024-10-27,direct_mail,direct_mail_2024_10
1693,2023-01-13,email,email_2023_01
1694,2023-08-22,email,email_2023_08
1695,2023-12-04,meta_buyer_file,meta_buyer_file_2023_12
1696,2024-07-04,email,email_2024_07
1697,2023-09-11,paid_search_brand,paid_search_brand_2023_09
1698,2023-09-08,paid_search_brand,paid_search_brand_2023_09
1699,2023-09-30,meta_buyer_file,meta_buyer_file_2023_09
1700,2023-03-07,organic,organic_2023_03
1701,2024-04-20,direct_mail,direct_mail_2024_04
1702,2023-03-16,direct_mail,direct_mail_2023_03
1703,2024-10-20,direct_mail,direct_mail_2024_10
1704,2023-01-01,paid_search_brand,paid_search_brand_2023_01
1705,2023-12-03,meta_buyer_file,meta_buyer_file_2023_12
1706,2024-05-22,direct_mail,direct_mail_2024_05
1707,2023-08-07,paid_search_brand,paid_search_brand_2023_08
1708,2023-11-04,organic,organic_2023_11
1709,2023-06-11,meta_acquisition,meta_acquisition_2023_06
1710,2024-10-31,meta_acquisition,meta_acquisition_2024_10
1711,2023-09-27,meta_buyer_file,meta_buyer_file_2023_09
1712,2024-03-03,direct_mail,direct_mail_2024_03
1713,2023-10-29,email,email_2023_10
1714,2023-11-30,meta_acquisition,meta_acquisition_2023_11
1715,2023-02-17,email,email_2023_02
1716,2023-09-13,paid_search_brand,paid_search_brand_2023_09
1717,2023-11-29,organic,organic_2023_11
1718,2024-08-26,paid_search_brand,paid_search_brand_2024_08
1719,2023-09-24,meta_buyer_file,meta_buyer_file_2023_09
1720,2024-01-05,organic,organic_2024_01
1721,2023-09-19,meta_acquisition,meta_acquisition_2023_09
1722,2024-03-13,paid_search_nonbrand,paid_search_nonbrand_2024_03
1723,2024-06-08,paid_search_nonbrand,paid_search_nonbrand_2024_06
1724,2023-12-01,email,email_2023_12
1725,2023-03-19,meta_buyer_file,meta_buyer_file_2023_03
1726,2024-06-09,email,email_2024_06
1727,2023-07-15,email,email_2023_07
1728,2024-10-25,meta_buyer_file,meta_buyer_file_2024_10
1729,2024-03-18,organic,organic_2024_03
1730,2024-02-04,direct_mail,direct_mail_2024_02
1731,2024-06-29,paid_search_nonbrand,paid_search_nonbrand_2024_06
1732,2023-12-30,organic,organic_2023_12
1733,2023-01-27,meta_buyer_file,meta_buyer_file_2023_01
1734,2023-07-26,paid_search_brand,paid_search_brand_2023_07
1735,2023-08-11,email,email_2023_08
1736,2023-05-07,email,email_2023_05
1737,2023-08-02,paid_search_nonbrand,paid_search_nonbrand_2023_08
1738,2023-06-16,email,email_2023_06
1739,2023-11-21,paid_search_nonbrand,paid_search_nonbrand_2023_11
1740,2024-05-04,paid_search_brand,paid_search_brand_2024_05
1741,2023-03-08,paid_search_nonbrand,paid_search_nonbrand_2023_03
1742,2023-03-28,meta_acquisition,meta_acquisition_2023_03
1743,2023-07-01,meta_buyer_file,meta_buyer_file_2023_07
1744,2023-02-09,direct_mail,direct_mail_2023_02
1745,2024-01-16,meta_acquisition,meta_acquisition_2024_01
1746,2023-07-28,paid_search_brand,paid_search_brand_2023_07
1747,2023-05-28,organic,organic_2023_05
1748,2024-06-21,direct_mail,direct_mail_2024_06
1749,2023-05-18,email,email_2023_05
1750,2023-09-21,direct_mail,direct_mail_2023_09
1751,2023-04-09,meta_buyer_file,meta_buyer_file_2023_04
1752,2023-08-19,meta_acquisition,meta_acquisition_2023_08
1753,2024-09-21,direct_mail,direct_mail_2024_09
1754,2023-12-03,meta_acquisition,meta_acquisition_2023_12
1755,2023-10-01,email,email_2023_10
1756,2024-08-16,meta_acquisition,meta_acquisition_2024_08
1757,2024-10-09,direct_mail,direct_mail_2024_10
1758,2023-09-01,direct_mail,direct_mail_2023_09
1759,2024-09-28,paid_search_brand,paid_search_brand_2024_09
1760,2024-06-10,organic,organic_2024_06
1761,2024-07-16,paid_search_nonbrand,paid_search_nonbrand_2024_07
1762,2023-09-27,direct_mail,direct_mail_2023_09
1763,2023-05-10,direct_mail,direct_mail_2023_05
1764,2024-02-12,email,email_2024_02
1765,2024-06-29,paid_search_nonbrand,paid_search_nonbrand_2024_06
1766,2024-01-19,direct_mail,direct_mail_2024_01
1767,2023-08-20,email,email_2023_08
1768,2024-09-16,paid_search_nonbrand,paid_search_nonbrand_2024_09
1769,2024-02-15,paid_search_brand,paid_search_brand_2024_02
1770,2024-04-24,paid_search_nonbrand,paid_search_nonbrand_2024_04
1771,2024-09-19,meta_acquisition,meta_acquisition_2024_09
1772,2023-06-14,email,email_2023_06
1773,2023-09-12,email,email_2023_09
1774,2023-12-02,direct_mail,direct_mail_2023_12
1775,2023-10-06,organic,organic_2023_10
1776,2023-04-01,organic,organic_2023_04
1777,2023-09-15,meta_acquisition,meta_acquisition_2023_09
1778,2024-08-28,paid_search_nonbrand,paid_search_nonbrand_2024_08
1779,2024-05-14,meta_buyer_file,meta_buyer_file_2024_05
1780,2024-01-27,direct_mail,direct_mail_2024_01
1781,2023-04-11,meta_buyer_file,meta_buyer_file_2023_04
1782,2024-04-16,meta_buyer_file,meta_buyer_file_2024_04
1783,2024-10-05,email,email_2024_10
1784,2023-04-12,paid_search_brand,paid_search_brand_2023_04
1785,2023-09-17,paid_search_nonbrand,paid_search_nonbrand_2023_09
1786,2023-10-11,paid_search_nonbrand,paid_search_nonbrand_2023_10
1787,2023-09-27,email,email_2023_09
1788,2024-10-25,paid_search_nonbrand,paid_search_nonbrand_2024_10
1789,2024-05-26,email,email_2024_05
1790,2023-08-22,paid_search_brand,paid_search_brand_2023_08
1791,2024-05-12,paid_search_nonbrand,paid_search_nonbrand_2024_05
1792,2023-06-22,paid_search_nonbrand,paid_search_nonbrand_2023_06
1793,2024-10-19,meta_buyer_file,meta_buyer_file_2024_10
1794,2023-03-19,direct_mail,direct_mail_2023_03
1795,2024-02-19,email,email_2024_02
1796,2024-09-20,meta_buyer_file,meta_buyer_file_2024_09
1797,2023-02-11,paid_search_brand,paid_search_brand_2023_02
1798,2023-09-09,email,email_2023_09
1799,2024-02-27,direct_mail,direct_mail_2024_02
1800,2024-02-01,email,email_2024_02
1801,2023-09-27,paid_search_nonbrand,paid_search_nonbrand_2023_09
1802,2023-04-09,organic,organic_2023_04
1803,2023-11-18,direct_mail,direct_mail_2023_11
1804,2024-08-28,paid_search_nonbrand,paid_search_nonbrand_2024_08
1805,2024-07-26,meta_acquisition,meta_acquisition_2024_07
1806,2023-03-07,meta_acquisition,meta_acquisition_2023_03
1807,2023-01-29,meta_acquisition,meta_acquisition_2023_01
1808,2024-02-10,direct_mail,direct_mail_2024_02
1809,2023-12-05,paid_search_brand,paid_search_brand_2023_12
1810,2024-07-06,organic,organic_2024_07
1811,2023-02-24,meta_acquisition,meta_acquisition_2023_02
1812,2024-09-20,direct_mail,direct_mail_2024_09
1813,2023-07-03,email,email_2023_07
1814,2023-12-06,direct_mail,direct_mail_2023_12
1815,2024-02-01,email,email_2024_02
1816,2023-07-07,direct_mail,direct_mail_2023_07
1817,2024-05-26,direct_mail,direct_mail_2024_05
1818,2023-04-07,meta_buyer_file,meta_buyer_file_2023_04
1819,2023-03-02,meta_acquisition,meta_acquisition_2023_03
1820,2023-01-13,direct_mail,direct_mail_2023_01
1821,2024-07-30,paid_search_nonbrand,paid_search_nonbrand_2024_07
1822,2024-05-25,direct_mail,direct_mail_2024_05
1823,2023-06-08,meta_acquisition,meta_acquisition_2023_06
1824,2023-07-01,meta_buyer_file,meta_buyer_file_2023_07
1825,2024-07-04,organic,organic_2024_07
1826,2023-10-26,direct_mail,direct_mail_2023_10
1827,2024-09-19,organic,organic_2024_09
1828,2024-02-03,email,email_2024_02
1829,2023-07-12,email,email_2023_07
1830,2024-05-06,email,email_2024_05
1831,2023-04-12,email,email_2023_04
1832,2024-07-30,meta_buyer_file,meta_buyer_file_2024_07
1833,2023-07-25,paid_search_brand,paid_search_brand_2023_07
1834,2024-09-16,paid_search_nonbrand,paid_search_nonbrand_2024_09
1835,2023-02-26,meta_buyer_file,meta_buyer_file_2023_02
1836,2024-01-30,direct_mail,direct_mail_2024_01
1837,2024-03-20,meta_acquisition,meta_acquisition_2024_03
1838,2023-02-15,organic,organic_2023_02
1839,2023-11-24,direct_mail,direct_mail_2023_11
1840,2023-01-16,direct_mail,direct_mail_2023_01
1841,2024-01-16,organic,organic_2024_01
1842,2024-09-28,meta_acquisition,meta_acquisition_2024_09
1843,2024-10-03,paid_search_brand,paid_search_brand_2024_10
1844,2024-02-24,meta_acquisition,meta_acquisition_2024_02
1845,2024-09-06,direct_mail,direct_mail_2024_09
1846,2023-05-12,meta_acquisition,meta_acquisition_2023_05
1847,2024-02-12,paid_search_brand,paid_search_brand_2024_02
1848,2023-03-30,meta_buyer_file,meta_buyer_file_2023_03
1849,2024-04-25,meta_buyer_file,meta_buyer_file_2024_04
1850,2023-09-05,paid_search_nonbrand,paid_search_nonbrand_2023_09
1851,2023-02-12,meta_acquisition,meta_acquisition_2023_02
1852,2023-11-22,direct_mail,direct_mail_2023_11
1853,2023-09-14,organic,organic_2023_09
1854,2024-02-05,paid_search_nonbrand,paid_search_nonbrand_2024_02
1855,2024-07-24,direct_mail,direct_mail_2024_07
1856,2024-09-25,meta_acquisition,meta_acquisition_2024_09
1857,2023-08-28,direct_mail,direct_mail_2023_08
1858,2024-08-08,meta_acquisition,meta_acquisition_2024_08
1859,2023-09-01,meta_acquisition,meta_acquisition_2023_09
1860,2024-04-10,meta_buyer_file,meta_buyer_file_2024_04
1861,2023-08-18,direct_mail,direct_mail_2023_08
1862,2023-09-21,organic,organic_2023_09
1863,2023-05-28,direct_mail,direct_mail_2023_05
1864,2024-02-16,direct_mail,direct_mail_2024_02
1865,2023-12-12,paid_search_nonbrand,paid_search_nonbrand_2023_12
1866,2024-09-25,paid_search_nonbrand,paid_search_nonbrand_2024_09
1867,2024-01-19,meta_acquisition,meta_acquisition_2024_01
1868,2024-06-13,paid_search_nonbrand,paid_search_nonbrand_2024_06
1869,2023-09-09,email,email_2023_09
1870,2023-12-06,email,email_2023_12
1871,2024-01-07,meta_acquisition,meta_acquisition_2024_01
1872,2023-12-13,meta_acquisition,meta_acquisition_2023_12
1873,2023-06-05,direct_mail,direct_mail_2023_06
1874,2024-03-31,direct_mail,direct_mail_2024_03
1875,2024-04-03,organic,organic_2024_04
1876,2023-12-14,organic,organic_2023_12
1877,2024-10-11,paid_search_nonbrand,paid_search_nonbrand_2024_10
1878,2024-05-21,direct_mail,direct_mail_2024_05
1879,2023-02-23,meta_acquisition,meta_acquisition_2023_02
1880,2023-12-12,direct_mail,direct_mail_2023_12
1881,2024-10-01,direct_mail,direct_mail_2024_10
1882,2024-02-02,direct_mail,direct_mail_2024_02
1883,2024-07-19,direct_mail,direct_mail_2024_07
1884,2023-03-28,email,email_2023_03
1885,2023-01-24,email,email_2023_01
1886,2023-01-10,meta_acquisition,meta_acquisition_2023_01
1887,2023-03-14,direct_mail,direct_mail_2023_03
1888,2023-03-25,direct_mail,direct_mail_2023_03
1889,2024-09-11,meta_acquisition,meta_acquisition_2024_09
1890,2023-03-04,paid_search_nonbrand,paid_search_nonbrand_2023_03
1891,2023-09-27,direct_mail,direct_mail_2023_09
1892,2023-03-19,direct_mail,direct_mail_2023_03
1893,2023-08-12,paid_search_nonbrand,paid_search_nonbrand_2023_08
1894,2024-11-01,organic,organic_2024_11
1895,2024-09-26,email,email_2024_09
1896,2024-04-01,direct_mail,direct_mail_2024_04
1897,2024-01-06,meta_acquisition,meta_acquisition_2024_01
1898,2023-11-23,paid_search_nonbrand,paid_search_nonbrand_2023_11
1899,2024-05-15,paid_search_brand,paid_search_brand_2024_05
1900,2023-02-13,meta_acquisition,meta_acquisition_2023_02
1901,2024-02-17,meta_buyer_file,meta_buyer_file_2024_02
1902,2024-02-14,paid_search_nonbrand,paid_search_nonbrand_2024_02
1903,2023-06-04,meta_acquisition,meta_acquisition_2023_06
1904,2023-06-03,paid_search_brand,paid_search_brand_2023_06
1905,2024-05-14,organic,organic_2024_05
1906,2023-08-10,paid_search_nonbrand,paid_search_nonbrand_2023_08
1907,2023-05-12,paid_search_nonbrand,paid_search_nonbrand_2023_05
1908,2024-03-03,paid_search_brand,paid_search_brand_2024_03
1909,2023-11-17,meta_acquisition,meta_acquisition_2023_11
1910,2023-12-15,meta_buyer_file,meta_buyer_file_2023_12
1911,2023-09-13,meta_buyer_file,meta_buyer_file_2023_09
1912,2023-04-08,paid_search_nonbrand,paid_search_nonbrand_2023_04
1913,2024-04-18,meta_acquisition,meta_acquisition_2024_04
1914,2024-04-30,paid_search_brand,paid_search_brand_2024_04
1915,2024-05-09,meta_buyer_file,meta_buyer_file_2024_05
1916,2023-11-18,meta_acquisition,meta_acquisition_2023_11
1917,2024-09-03,meta_acquisition,meta_acquisition_2024_09
1918,2024-06-20,email,email_2024_06
1919,2023-01-12,paid_search_brand,paid_search_brand_2023_01
1920,2024-08-31,paid_search_nonbrand,paid_search_nonbrand_2024_08
1921,2023-07-22,meta_acquisition,meta_acquisition_2023_07
1922,2024-07-19,meta_buyer_file,meta_buyer_file_2024_07
1923,2023-01-27,meta_acquisition,meta_acquisition_2023_01
1924,2023-02-05,meta_acquisition,meta_acquisition_2023_02
1925,2023-08-29,direct_mail,direct_mail_2023_08
1926,2024-10-19,email,email_2024_10
1927,2023-06-12,direct_mail,direct_mail_2023_06
1928,2023-08-27,organic,organic_2023_08
1929,2024-05-19,direct_mail,direct_mail_2024_05
1930,2024-08-19,meta_buyer_file,meta_buyer_file_2024_08
1931,2024-06-05,organic,organic_2024_06
1932,2024-10-04,email,email_2024_10
1933,2023-06-13,email,email_2023_06
1934,2023-07-29,direct_mail,direct_mail_2023_07
1935,2023-07-30,direct_mail,direct_mail_2023_07
1936,2023-08-08,organic,organic_2023_08
1937,2023-12-08,direct_mail,direct_mail_2023_12
1938,2023-09-12,direct_mail,direct_mail_2023_09
1939,2023-01-01,paid_search_brand,paid_search_brand_2023_01
1940,2024-03-09,email,email_2024_03
1941,2023-11-01,email,email_2023_11
1942,2024-05-02,direct_mail,direct_mail_2024_05
1943,2023-08-09,direct_mail,direct_mail_2023_08
1944,2023-10-15,meta_acquisition,meta_acquisition_2023_10
1945,2024-07-26,organic,organic_2024_07
1946,2023-02-18,paid_search_brand,paid_search_brand_2023_02
1947,2024-07-11,direct_mail,direct_mail_2024_07
1948,2023-05-30,paid_search_nonbrand,paid_search_nonbrand_2023_05
1949,2024-01-17,meta_buyer_file,meta_buyer_file_2024_01
1950,2024-05-21,meta_acquisition,meta_acquisition_2024_05
1951,2023-05-21,paid_search_nonbrand,paid_search_nonbrand_2023_05
1952,2023-06-18,organic,organic_2023_06
1953,2023-05-29,meta_acquisition,meta_acquisition_2023_05
1954,2024-05-28,meta_buyer_file,meta_buyer_file_2024_05
1955,2024-07-15,organic,organic_2024_07
1956,2024-02-22,meta_acquisition,meta_acquisition_2024_02
1957,2023-06-09,email,email_2023_06
1958,2023-08-03,meta_buyer_file,meta_buyer_file_2023_08
1959,2023-03-15,direct_mail,direct_mail_2023_03
1960,2024-02-17,direct_mail,direct_mail_2024_02
1961,2024-05-18,organic,organic_2024_05
1962,2024-01-28,email,email_2024_01
1963,2023-12-26,organic,organic_2023_12
1964,2023-09-09,meta_acquisition,meta_acquisition_2023_09
1965,2023-12-12,paid_search_brand,paid_search_brand_2023_12
1966,2024-06-02,paid_search_nonbrand,paid_search_nonbrand_2024_06
1967,2024-02-02,email,email_2024_02
1968,2024-04-07,paid_search_brand,paid_search_brand_2024_04
1969,2023-07-23,meta_buyer_file,meta_buyer_file_2023_07
1970,2024-10-31,organic,organic_2024_10
1971,2024-08-20,email,email_2024_08
1972,2023-04-29,direct_mail,direct_mail_2023_04
1973,2024-07-30,direct_mail,direct_mail_2024_07
1974,2024-06-21,organic,organic_2024_06
1975,2023-02-04,paid_search_brand,paid_search_brand_2023_02
1976,2023-05-21,direct_mail,direct_mail_2023_05
1977,2024-04-01,meta_acquisition,meta_acquisition_2024_04
1978,2023-07-09,meta_acquisition,meta_acquisition_2023_07
1979,2023-04-26,meta_buyer_file,meta_buyer_file_2023_04
1980,2023-08-07,direct_mail,direct_mail_2023_08
1981,2023-03-11,meta_buyer_file,meta_buyer_file_2023_03
1982,2023-02-13,email,email_2023_02
1983,2024-01-18,paid_search_nonbrand,paid_search_nonbrand_2024_01
1984,2023-05-11,meta_buyer_file,meta_buyer_file_2023_05
1985,2024-07-29,direct_mail,direct_mail_2024_07
1986,2024-01-14,paid_search_brand,paid_search_brand_2024_01
1987,2023-12-16,paid_search_brand,paid_search_brand_2023_12
1988,2023-12-17,meta_buyer_file,meta_buyer_file_2023_12
1989,2023-10-05,email,email_2023_10
1990,2023-11-28,organic,organic_2023_11
1991,2024-09-19,organic,organic_2024_09
1992,2024-01-06,meta_acquisition,meta_acquisition_2024_01
1993,2024-06-16,direct_mail,direct_mail_2024_06
1994,2023-07-30,meta_acquisition,meta_acquisition_2023_07
1995,2024-05-23,paid_search_nonbrand,paid_search_nonbrand_2024_05
1996,2024-04-15,meta_buyer_file,meta_buyer_file_2024_04
1997,2024-05-21,paid_search_nonbrand,paid_search_nonbrand_2024_05
1998,2024-02-01,paid_search_brand,paid_search_brand_2024_02
1999,2023-02-25,direct_mail,direct_mail_2023_02
2000,2023-07-29,direct_mail,direct_mail_2023_07
2001,2023-06-05,direct_mail,direct_mail_2023_06
2002,2024-05-12,direct_mail,direct_mail_2024_05
2003,2024-04-01,direct_mail,direct_mail_2024_04
2004,2024-03-29,direct_mail,direct_mail_2024_03
2005,2023-01-24,meta_buyer_file,meta_buyer_file_2023_01
2006,2024-06-20,paid_search_nonbrand,paid_search_nonbrand_2024_06
2007,2024-03-28,meta_acquisition,meta_acquisition_2024_03
2008,2024-01-22,direct_mail,direct_mail_2024_01
2009,2023-01-25,meta_acquisition,meta_acquisition_2023_01
2010,2023-04-02,paid_search_nonbrand,paid_search_nonbrand_2023_04
2011,2023-09-24,meta_buyer_file,meta_buyer_file_2023_09
2012,2024-09-05,meta_buyer_file,meta_buyer_file_2024_09
2013,2023-02-19,email,email_2023_02
2014,2023-10-13,email,email_2023_10
2015,2024-08-09,meta_acquisition,meta_acquisition_2024_08
2016,2023-06-30,paid_search_brand,paid_search_brand_2023_06
2017,2023-03-10,email,email_2023_03
2018,2024-04-18,meta_buyer_file,meta_buyer_file_2024_04
2019,2023-07-11,paid_search_brand,paid_search_brand_2023_07
2020,2024-06-09,email,email_2024_06
2021,2023-06-21,direct_mail,direct_mail_2023_06
2022,2024-01-12,meta_buyer_file,meta_buyer_file_2024_01
2023,2023-03-10,organic,organic_2023_03
2024,2024-05-16,meta_acquisition,meta_acquisition_2024_05
2025,2024-06-21,meta_buyer_file,meta_buyer_file_2024_06
2026,2024-08-14,meta_acquisition,meta_acquisition_2024_08
2027,2024-02-22,direct_mail,direct_mail_2024_02
2028,2023-04-29,meta_acquisition,meta_acquisition_2023_04
2029,2023-11-19,meta_buyer_file,meta_buyer_file_2023_11
2030,2023-05-31,paid_search_nonbrand,paid_search_nonbrand_2023_05
2031,2023-09-16,meta_buyer_file,meta_buyer_file_2023_09
2032,2024-04-19,direct_mail,direct_mail_2024_04
2033,2023-04-14,paid_search_brand,paid_search_brand_2023_04
2034,2023-03-11,paid_search_nonbrand,paid_search_nonbrand_2023_03
2035,2023-03-03,direct_mail,direct_mail_2023_03
2036,2024-01-12,direct_mail,direct_mail_2024_01
2037,2023-06-07,organic,organic_2023_06
2038,2024-10-12,paid_search_brand,paid_search_brand_2024_10
2039,2024-02-08,paid_search_brand,paid_search_brand_2024_02
2040,2023-08-04,direct_mail,direct_mail_2023_08
2041,2023-04-27,direct_mail,direct_mail_2023_04
2042,2024-01-17,email,email_2024_01
2043,2023-12-05,meta_acquisition,meta_acquisition_2023_12
2044,2024-08-26,meta_buyer_file,meta_buyer_file_2024_08
2045,2023-08-20,email,email_2023_08
2046,2023-11-04,meta_buyer_file,meta_buyer_file_2023_11
2047,2023-11-04,email,email_2023_11
2048,2023-08-13,organic,organic_2023_08
2049,2024-07-09,meta_buyer_file,meta_buyer_file_2024_07
2050,2023-11-03,direct_mail,direct_mail_2023_11
2051,2023-03-09,email,email_2023_03
2052,2023-11-12,paid_search_brand,paid_search_brand_2023_11
2053,2024-08-25,direct_mail,direct_mail_2024_08
2054,2024-08-30,paid_search_nonbrand,paid_search_nonbrand_2024_08
2055,2023-01-09,direct_mail,direct_mail_2023_01
2056,2024-10-25,direct_mail,direct_mail_2024_10
2057,2024-01-11,meta_acquisition,meta_acquisition_2024_01
2058,2023-03-31,direct_mail,direct_mail_2023_03
2059,2023-04-21,paid_search_brand,paid_search_brand_2023_04
2060,2024-05-23,meta_acquisition,meta_acquisition_2024_05
2061,2023-06-16,meta_acquisition,meta_acquisition_2023_06
2062,2023-10-28,meta_acquisition,meta_acquisition_2023_10
2063,2023-11-13,meta_acquisition,meta_acquisition_2023_11
2064,2023-02-07,direct_mail,direct_mail_2023_02
2065,2024-08-16,paid_search_brand,paid_search_brand_2024_08
2066,2024-07-19,meta_acquisition,meta_acquisition_2024_07
2067,2023-02-04,paid_search_nonbrand,paid_search_nonbrand_2023_02
2068,2023-11-28,paid_search_nonbrand,paid_search_nonbrand_2023_11
2069,2023-11-19,organic,organic_2023_11
2070,2024-05-13,email,email_2024_05
2071,2023-07-27,meta_acquisition,meta_acquisition_2023_07
2072,2023-12-18,email,email_2023_12
2073,2024-05-28,direct_mail,direct_mail_2024_05
2074,2024-06-01,paid_search_brand,paid_search_brand_2024_06
2075,2024-09-18,direct_mail,direct_mail_2024_09
2076,2024-07-14,paid_search_brand,paid_search_brand_2024_07
2077,2024-04-30,email,email_2024_04
2078,2024-08-08,paid_search_brand,paid_search_brand_2024_08
2079,2023-11-04,organic,organic_2023_11
2080,2024-08-16,paid_search_brand,paid_search_brand_2024_08
2081,2024-07-02,email,email_2024_07
2082,2024-10-17,email,email_2024_10
2083,2024-08-17,direct_mail,direct_mail_2024_08
2084,2024-02-03,meta_buyer_file,meta_buyer_file_2024_02
2085,2023-06-23,meta_acquisition,meta_acquisition_2023_06
2086,2023-07-28,meta_acquisition,meta_acquisition_2023_07
2087,2024-07-09,meta_acquisition,meta_acquisition_2024_07
2088,2023-01-04,organic,organic_2023_01
2089,2023-10-04,organic,organic_2023_10
2090,2023-06-30,paid_search_nonbrand,paid_search_nonbrand_2023_06
2091,2024-09-27,email,email_2024_09
2092,2023-06-14,meta_buyer_file,meta_buyer_file_2023_06
2093,2024-10-08,paid_search_nonbrand,paid_search_nonbrand_2024_10
2094,2023-04-17,email,email_2023_04
2095,2024-07-24,email,email_2024_07
2096,2024-08-07,paid_search_nonbrand,paid_search_nonbrand_2024_08
2097,2024-03-01,email,email_2024_03
2098,2023-05-18,email,email_2023_05
2099,2023-05-03,meta_acquisition,meta_acquisition_2023_05
2100,2023-11-16,meta_buyer_file,meta_buyer_file_2023_11
2101,2023-06-06,paid_search_brand,paid_search_brand_2023_06
2102,2024-01-08,direct_mail,direct_mail_2024_01
2103,2024-01-07,direct_mail,direct_mail_2024_01
2104,2023-08-26,direct_mail,direct_mail_2023_08
2105,2023-03-23,email,email_2023_03
2106,2023-11-01,organic,organic_2023_11
2107,2023-02-11,paid_search_brand,paid_search_brand_2023_02
2108,2024-04-25,email,email_2024_04
2109,2023-09-11,direct_mail,direct_mail_2023_09
2110,2023-04-17,meta_acquisition,meta_acquisition_2023_04
2111,2023-06-23,meta_acquisition,meta_acquisition_2023_06
2112,2024-05-19,meta_buyer_file,meta_buyer_file_2024_05
2113,2023-07-17,email,email_2023_07
2114,2024-02-26,organic,organic_2024_02
2115,2023-05-08,meta_acquisition,meta_acquisition_2023_05
2116,2023-05-12,meta_buyer_file,meta_buyer_file_2023_05
2117,2023-09-12,direct_mail,direct_mail_2023_09
2118,2023-03-15,meta_acquisition,meta_acquisition_2023_03
2119,2024-08-11,direct_mail,direct_mail_2024_08
2120,2024-02-28,direct_mail,direct_mail_2024_02
2121,2023-05-07,email,email_2023_05
2122,2023-10-09,paid_search_nonbrand,paid_search_nonbrand_2023_10
2123,2024-03-23,direct_mail,direct_mail_2024_03
2124,2023-07-28,paid_search_nonbrand,paid_search_nonbrand_2023_07
2125,2024-10-21,paid_search_brand,paid_search_brand_2024_10
2126,2024-02-04,paid_search_brand,paid_search_brand_2024_02
2127,2024-07-18,meta_buyer_file,meta_buyer_file_2024_07
2128,2024-06-18,paid_search_brand,paid_search_brand_2024_06
2129,2023-11-14,email,email_2023_11
2130,2023-09-05,organic,organic_2023_09
2131,2024-07-23,email,email_2024_07
2132,2024-10-04,meta_buyer_file,meta_buyer_file_2024_10
2133,2024-07-21,paid_search_nonbrand,paid_search_nonbrand_2024_07
2134,2023-07-24,meta_acquisition,meta_acquisition_2023_07
2135,2024-01-01,direct_mail,direct_mail_2024_01
2136,2023-09-04,meta_buyer_file,meta_buyer_file_2023_09
2137,2023-03-20,direct_mail,direct_mail_2023_03
2138,2023-07-29,meta_buyer_file,meta_buyer_file_2023_07
2139,2024-08-24,paid_search_nonbrand,paid_search_nonbrand_2024_08
2140,2023-08-03,direct_mail,direct_mail_2023_08
2141,2024-07-08,direct_mail,direct_mail_2024_07
2142,2024-05-16,email,email_2024_05
2143,2023-01-01,paid_search_nonbrand,paid_search_nonbrand_2023_01
2144,2023-06-18,direct_mail,direct_mail_2023_06
2145,2023-07-20,email,email_2023_07
2146,2024-01-11,meta_acquisition,meta_acquisition_2024_01
2147,2023-06-07,meta_acquisition,meta_acquisition_2023_06
2148,2023-06-25,paid_search_nonbrand,paid_search_nonbrand_2023_06
2149,2023-04-22,direct_mail,direct_mail_2023_04
2150,2024-04-08,direct_mail,direct_mail_2024_04
2151,2024-04-04,paid_search_nonbrand,paid_search_nonbrand_2024_04
2152,2024-07-02,meta_buyer_file,meta_buyer_file_2024_07
2153,2023-05-10,organic,organic_2023_05
2154,2023-04-26,meta_buyer_file,meta_buyer_file_2023_04
2155,2023-05-19,direct_mail,direct_mail_2023_05
2156,2023-09-04,organic,organic_2023_09
2157,2023-09-05,meta_buyer_file,meta_buyer_file_2023_09
2158,2023-05-24,email,email_2023_05
2159,2024-10-01,paid_search_nonbrand,paid_search_nonbrand_2024_10
2160,2023-06-18,meta_acquisition,meta_acquisition_2023_06
2161,2023-02-01,direct_mail,direct_mail_2023_02
2162,2023-03-25,direct_mail,direct_mail_2023_03
2163,2024-05-31,meta_acquisition,meta_acquisition_2024_05
2164,2023-10-22,meta_buyer_file,meta_buyer_file_2023_10
2165,2024-06-03,paid_search_nonbrand,paid_search_nonbrand_2024_06
2166,2023-09-09,paid_search_nonbrand,paid_search_nonbrand_2023_09
2167,2023-10-09,meta_buyer_file,meta_buyer_file_2023_10
2168,2023-11-26,paid_search_nonbrand,paid_search_nonbrand_2023_11
2169,2024-09-24,paid_search_nonbrand,paid_search_nonbrand_2024_09
2170,2024-06-22,direct_mail,direct_mail_2024_06
2171,2024-02-06,paid_search_brand,paid_search_brand_2024_02
2172,2023-01-06,paid_search_brand,paid_search_brand_2023_01
2173,2024-07-14,organic,organic_2024_07
2174,2024-01-23,meta_acquisition,meta_acquisition_2024_01
2175,2023-09-06,direct_mail,direct_mail_2023_09
2176,2023-10-30,meta_acquisition,meta_acquisition_2023_10
2177,2023-11-11,paid_search_nonbrand,paid_search_nonbrand_2023_11
2178,2023-05-14,paid_search_nonbrand,paid_search_nonbrand_2023_05
2179,2023-10-26,organic,organic_2023_10
2180,2024-01-18,email,email_2024_01
2181,2024-07-10,meta_acquisition,meta_acquisition_2024_07
2182,2023-01-24,meta_acquisition,meta_acquisition_2023_01
2183,2023-10-25,meta_buyer_file,meta_buyer_file_2023_10
2184,2023-01-24,email,email_2023_01
2185,2024-05-27,meta_buyer_file,meta_buyer_file_2024_05
2186,2023-05-18,meta_buyer_file,meta_buyer_file_2023_05
2187,2023-02-08,paid_search_brand,paid_search_brand_2023_02
2188,2023-07-18,email,email_2023_07
2189,2024-02-09,meta_acquisition,meta_acquisition_2024_02
2190,2023-09-04,meta_acquisition,meta_acquisition_2023_09
2191,2023-03-20,organic,organic_2023_03
2192,2023-12-02,organic,organic_2023_12
2193,2024-07-19,meta_acquisition,meta_acquisition_2024_07
2194,2023-08-02,email,email_2023_08
2195,2024-04-28,meta_acquisition,meta_acquisition_2024_04
2196,2024-09-02,direct_mail,direct_mail_2024_09
2197,2023-08-07,paid_search_nonbrand,paid_search_nonbrand_2023_08
2198,2023-03-20,paid_search_brand,paid_search_brand_2023_03
2199,2024-08-11,paid_search_brand,paid_search_brand_2024_08
2200,2024-05-03,paid_search_nonbrand,paid_search_nonbrand_2024_05
2201,2023-07-19,direct_mail,direct_mail_2023_07
2202,2024-06-01,direct_mail,direct_mail_2024_06
2203,2023-10-29,direct_mail,direct_mail_2023_10
2204,2024-03-14,paid_search_nonbrand,paid_search_nonbrand_2024_03
2205,2023-04-30,email,email_2023_04
2206,2023-07-17,email,email_2023_07
2207,2023-03-16,paid_search_nonbrand,paid_search_nonbrand_2023_03
2208,2023-02-23,email,email_2023_02
2209,2024-05-12,meta_acquisition,meta_acquisition_2024_05
2210,2023-05-27,meta_acquisition,meta_acquisition_2023_05
2211,2023-02-11,direct_mail,direct_mail_2023_02
2212,2024-04-03,email,email_2024_04
2213,2024-07-17,meta_acquisition,meta_acquisition_2024_07
2214,2024-10-22,paid_search_nonbrand,paid_search_nonbrand_2024_10
2215,2024-04-07,meta_acquisition,meta_acquisition_2024_04
2216,2024-08-01,meta_acquisition,meta_acquisition_2024_08
2217,2023-01-17,meta_acquisition,meta_acquisition_2023_01
2218,2024-02-17,email,email_2024_02
2219,2024-10-01,meta_buyer_file,meta_buyer_file_2024_10
2220,2024-09-11,email,email_2024_09
2221,2024-04-12,direct_mail,direct_mail_2024_04
2222,2024-08-16,paid_search_nonbrand,paid_search_nonbrand_2024_08
2223,2023-04-16,paid_search_brand,paid_search_brand_2023_04
2224,2023-07-19,organic,organic_2023_07
2225,2023-08-17,paid_search_brand,paid_search_brand_2023_08
2226,2024-07-27,organic,organic_2024_07
2227,2024-03-28,direct_mail,direct_mail_2024_03
2228,2023-08-22,meta_buyer_file,meta_buyer_file_2023_08
2229,2024-01-06,meta_acquisition,meta_acquisition_2024_01
2230,2024-07-28,email,email_2024_07
2231,2023-12-19,organic,organic_2023_12
2232,2024-07-11,meta_acquisition,meta_acquisition_2024_07
2233,2024-01-27,meta_buyer_file,meta_buyer_file_2024_01
2234,2023-08-10,direct_mail,direct_mail_2023_08
2235,2023-05-30,email,email_2023_05
2236,2024-02-13,meta_buyer_file,meta_buyer_file_2024_02
2237,2023-01-07,meta_acquisition,meta_acquisition_2023_01
2238,2024-02-03,direct_mail,direct_mail_2024_02
2239,2024-05-30,direct_mail,direct_mail_2024_05
2240,2023-01-27,direct_mail,direct_mail_2023_01
2241,2023-10-13,direct_mail,direct_mail_2023_10
2242,2023-02-25,paid_search_nonbrand,paid_search_nonbrand_2023_02
2243,2024-08-19,organic,organic_2024_08
2244,2024-03-29,meta_acquisition,meta_acquisition_2024_03
2245,2023-05-24,meta_acquisition,meta_acquisition_2023_05
2246,2024-05-18,meta_acquisition,meta_acquisition_2024_05
2247,2023-06-14,meta_buyer_file,meta_buyer_file_2023_06
2248,2023-01-24,paid_search_nonbrand,paid_search_nonbrand_2023_01
2249,2023-04-02,organic,organic_2023_04
2250,2023-06-25,direct_mail,direct_mail_2023_06
2251,2023-04-15,direct_mail,direct_mail_2023_04
2252,2024-01-21,direct_mail,direct_mail_2024_01
2253,2023-10-31,paid_search_brand,paid_search_brand_2023_10
2254,2023-08-31,paid_search_nonbrand,paid_search_nonbrand_2023_08
2255,2024-07-01,direct_mail,direct_mail_2024_07
2256,2024-06-09,direct_mail,direct_mail_2024_06
2257,2024-05-18,organic,organic_2024_05
2258,2023-06-25,meta_buyer_file,meta_buyer_file_2023_06
2259,2024-09-13,paid_search_nonbrand,paid_search_nonbrand_2024_09
2260,2023-11-23,paid_search_nonbrand,paid_search_nonbrand_2023_11
2261,2023-01-24,meta_buyer_file,meta_buyer_file_2023_01
2262,2024-02-17,meta_acquisition,meta_acquisition_2024_02
2263,2024-02-17,email,email_2024_02
2264,2023-05-31,email,email_2023_05
2265,2023-07-04,paid_search_brand,paid_search_brand_2023_07
2266,2023-04-18,meta_acquisition,meta_acquisition_2023_04
2267,2024-07-24,meta_acquisition,meta_acquisition_2024_07
2268,2024-09-15,meta_buyer_file,meta_buyer_file_2024_09
2269,2023-05-10,organic,organic_2023_05
2270,2023-11-02,organic,organic_2023_11
2271,2024-10-06,direct_mail,direct_mail_2024_10
2272,2024-06-03,paid_search_nonbrand,paid_search_nonbrand_2024_06
2273,2024-03-27,direct_mail,direct_mail_2024_03
2274,2023-10-09,paid_search_nonbrand,paid_search_nonbrand_2023_10
2275,2024-04-17,meta_buyer_file,meta_buyer_file_2024_04
2276,2024-05-20,organic,organic_2024_05
2277,2023-01-31,meta_acquisition,meta_acquisition_2023_01
2278,2024-09-26,paid_search_nonbrand,paid_search_nonbrand_2024_09
2279,2023-06-21,paid_search_brand,paid_search_brand_2023_06
2280,2023-05-24,paid_search_nonbrand,paid_search_nonbrand_2023_05
2281,2024-10-11,organic,organic_2024_10
2282,2024-02-05,email,email_2024_02
2283,2024-08-09,organic,organic_2024_08
2284,2023-12-02,direct_mail,direct_mail_2023_12
2285,2023-07-02,organic,organic_2023_07
2286,2024-02-18,organic,organic_2024_02
2287,2024-01-10,direct_mail,direct_mail_2024_01
2288,2024-07-26,paid_search_nonbrand,paid_search_nonbrand_2024_07
2289,2023-10-22,email,email_2023_10
2290,2023-05-03,email,email_2023_05
2291,2023-06-18,direct_mail,direct_mail_2023_06
2292,2023-10-03,email,email_2023_10
2293,2023-12-01,email,email_2023_12
2294,2023-11-21,direct_mail,direct_mail_2023_11
2295,2024-10-20,email,email_2024_10
2296,2024-04-12,paid_search_nonbrand,paid_search_nonbrand_2024_04
2297,2024-06-20,meta_buyer_file,meta_buyer_file_2024_06
2298,2024-02-16,direct_mail,direct_mail_2024_02
2299,2024-03-14,paid_search_nonbrand,paid_search_nonbrand_2024_03
2300,2024-03-01,email,email_2024_03
2301,2024-06-06,paid_search_nonbrand,paid_search_nonbrand_2024_06
2302,2023-12-14,meta_acquisition,meta_acquisition_2023_12
2303,2024-09-20,paid_search_brand,paid_search_brand_2024_09
2304,2023-05-02,organic,organic_2023_05
2305,2023-02-13,direct_mail,direct_mail_2023_02
2306,2023-08-26,direct_mail,direct_mail_2023_08
2307,2023-04-29,email,email_2023_04
2308,2023-04-13,paid_search_brand,paid_search_brand_2023_04
2309,2024-01-31,meta_acquisition,meta_acquisition_2024_01
2310,2023-08-16,paid_search_nonbrand,paid_search_nonbrand_2023_08
2311,2023-10-27,meta_acquisition,meta_acquisition_2023_10
2312,2024-06-11,organic,organic_2024_06
2313,2023-03-13,meta_buyer_file,meta_buyer_file_2023_03
2314,2023-04-19,meta_acquisition,meta_acquisition_2023_04
2315,2024-10-03,paid_search_brand,paid_search_brand_2024_10
2316,2023-09-08,paid_search_nonbrand,paid_search_nonbrand_2023_09
2317,2023-12-20,direct_mail,direct_mail_2023_12
2318,2023-12-25,meta_buyer_file,meta_buyer_file_2023_12
2319,2024-06-07,email,email_2024_06
2320,2024-07-21,paid_search_brand,paid_search_brand_2024_07
2321,2024-03-26,organic,organic_2024_03
2322,2023-08-09,direct_mail,direct_mail_2023_08
2323,2024-08-19,organic,organic_2024_08
2324,2023-06-26,direct_mail,direct_mail_2023_06
2325,2024-08-22,direct_mail,direct_mail_2024_08
2326,2024-08-14,email,email_2024_08
2327,2023-10-01,paid_search_nonbrand,paid_search_nonbrand_2023_10
2328,2024-05-19,direct_mail,direct_mail_2024_05
2329,2024-08-07,paid_search_nonbrand,paid_search_nonbrand_2024_08
2330,2024-05-25,meta_acquisition,meta_acquisition_2024_05
2331,2024-08-19,paid_search_nonbrand,paid_search_nonbrand_2024_08
2332,2024-06-23,organic,organic_2024_06
2333,2023-12-01,direct_mail,direct_mail_2023_12
2334,2023-05-18,email,email_2023_05
2335,2024-07-15,direct_mail,direct_mail_2024_07
2336,2024-05-15,meta_acquisition,meta_acquisition_2024_05
2337,2024-06-02,email,email_2024_06
2338,2024-01-17,meta_acquisition,meta_acquisition_2024_01
2339,2023-03-04,email,email_2023_03
2340,2023-02-11,direct_mail,direct_mail_2023_02
2341,2024-10-22,direct_mail,direct_mail_2024_10
2342,2023-08-04,email,email_2023_08
2343,2023-01-25,direct_mail,direct_mail_2023_01
2344,2024-06-07,direct_mail,direct_mail_2024_06
2345,2023-05-29,paid_search_nonbrand,paid_search_nonbrand_2023_05
2346,2024-02-24,meta_buyer_file,meta_buyer_file_2024_02
2347,2023-04-02,direct_mail,direct_mail_2023_04
2348,2023-02-12,direct_mail,direct_mail_2023_02
2349,2024-06-25,email,email_2024_06
2350,2023-08-08,direct_mail,direct_mail_2023_08
2351,2023-10-16,direct_mail,direct_mail_2023_10
2352,2024-02-09,meta_acquisition,meta_acquisition_2024_02
2353,2024-01-11,organic,organic_2024_01
2354,2024-11-01,direct_mail,direct_mail_2024_11
2355,2023-12-20,direct_mail,direct_mail_2023_12
2356,2023-05-26,paid_search_brand,paid_search_brand_2023_05
2357,2023-03-18,organic,organic_2023_03
2358,2023-02-25,paid_search_nonbrand,paid_search_nonbrand_2023_02
2359,2024-03-17,paid_search_nonbrand,paid_search_nonbrand_2024_03
2360,2024-10-08,meta_acquisition,meta_acquisition_2024_10
2361,2023-09-13,direct_mail,direct_mail_2023_09
2362,2024-05-23,meta_buyer_file,meta_buyer_file_2024_05
2363,2024-01-16,paid_search_brand,paid_search_brand_2024_01
2364,2024-04-17,paid_search_nonbrand,paid_search_nonbrand_2024_04
2365,2024-06-10,direct_mail,direct_mail_2024_06
2366,2024-02-27,meta_buyer_file,meta_buyer_file_2024_02
2367,2023-04-03,meta_buyer_file,meta_buyer_file_2023_04
2368,2024-04-03,direct_mail,direct_mail_2024_04
2369,2024-04-08,direct_mail,direct_mail_2024_04
2370,2024-06-27,organic,organic_2024_06
2371,2023-04-27,meta_acquisition,meta_acquisition_2023_04
2372,2023-07-29,direct_mail,direct_mail_2023_07
2373,2023-07-25,meta_acquisition,meta_acquisition_2023_07
2374,2023-09-18,email,email_2023_09
2375,2023-01-20,direct_mail,direct_mail_2023_01
2376,2023-02-21,paid_search_nonbrand,paid_search_nonbrand_2023_02
2377,2023-02-08,direct_mail,direct_mail_2023_02
2378,2023-11-21,email,email_2023_11
2379,2024-08-26,paid_search_brand,paid_search_brand_2024_08
2380,2024-02-09,email,email_2024_02
2381,2023-05-04,email,email_2023_05
2382,2023-02-20,meta_buyer_file,meta_buyer_file_2023_02
2383,2023-11-27,paid_search_nonbrand,paid_search_nonbrand_2023_11
2384,2024-08-28,meta_acquisition,meta_acquisition_2024_08
2385,2024-04-01,email,email_2024_04
2386,2024-06-11,meta_buyer_file,meta_buyer_file_2024_06
2387,2023-04-08,email,email_2023_04
2388,2023-03-27,paid_search_brand,paid_search_brand_2023_03
2389,2024-09-01,meta_buyer_file,meta_buyer_file_2024_09
2390,2023-04-25,direct_mail,direct_mail_2023_04
2391,2024-05-30,meta_acquisition,meta_acquisition_2024_05
2392,2023-03-14,organic,organic_2023_03
2393,2023-12-31,meta_buyer_file,meta_buyer_file_2023_12
2394,2024-06-03,paid_search_nonbrand,paid_search_nonbrand_2024_06
2395,2024-04-30,paid_search_nonbrand,paid_search_nonbrand_2024_04
2396,2024-09-01,paid_search_nonbrand,paid_search_nonbrand_2024_09
2397,2024-06-07,organic,organic_2024_06
2398,2024-09-06,meta_acquisition,meta_acquisition_2024_09
2399,2024-02-06,meta_buyer_file,meta_buyer_file_2024_02
2400,2023-04-26,paid_search_nonbrand,paid_search_nonbrand_2023_04
2401,2023-07-01,meta_buyer_file,meta_buyer_file_2023_07
2402,2023-08-18,paid_search_nonbrand,paid_search_nonbrand_2023_08
2403,2024-08-17,email,email_2024_08
2404,2023-10-27,meta_acquisition,meta_acquisition_2023_10
2405,2023-10-17,email,email_2023_10
2406,2024-09-18,paid_search_nonbrand,paid_search_nonbrand_2024_09
2407,2023-12-31,meta_buyer_file,meta_buyer_file_2023_12
2408,2023-05-21,organic,organic_2023_05
2409,2024-06-23,paid_search_nonbrand,paid_search_nonbrand_2024_06
2410,2023-03-06,direct_mail,direct_mail_2023_03
2411,2024-02-22,organic,organic_2024_02
2412,2023-06-19,paid_search_nonbrand,paid_search_nonbrand_2023_06
2413,2023-09-26,direct_mail,direct_mail_2023_09
2414,2024-08-03,paid_search_nonbrand,paid_search_nonbrand_2024_08
2415,2023-03-08,email,email_2023_03
2416,2024-07-13,meta_acquisition,meta_acquisition_2024_07
2417,2024-02-15,meta_buyer_file,meta_buyer_file_2024_02
2418,2024-09-29,direct_mail,direct_mail_2024_09
2419,2024-07-05,meta_acquisition,meta_acquisition_2024_07
2420,2024-09-25,meta_buyer_file,meta_buyer_file_2024_09
2421,2023-04-03,paid_search_nonbrand,paid_search_nonbrand_2023_04
2422,2023-02-20,direct_mail,direct_mail_2023_02
2423,2023-03-01,email,email_2023_03
2424,2024-03-08,meta_acquisition,meta_acquisition_2024_03
2425,2024-07-22,email,email_2024_07
2426,2024-10-25,direct_mail,direct_mail_2024_10
2427,2024-05-12,direct_mail,direct_mail_2024_05
2428,2023-05-20,paid_search_brand,paid_search_brand_2023_05
2429,2024-03-17,meta_buyer_file,meta_buyer_file_2024_03
2430,2023-11-19,paid_search_nonbrand,paid_search_nonbrand_2023_11
2431,2023-01-30,meta_buyer_file,meta_buyer_file_2023_01
2432,2024-03-11,direct_mail,direct_mail_2024_03
2433,2024-01-26,email,email_2024_01
2434,2024-03-11,direct_mail,direct_mail_2024_03
2435,2024-02-15,direct_mail,direct_mail_2024_02
2436,2023-04-05,paid_search_nonbrand,paid_search_nonbrand_2023_04
2437,2024-06-30,email,email_2024_06
2438,2024-08-14,meta_acquisition,meta_acquisition_2024_08
2439,2023-01-14,organic,organic_2023_01
2440,2023-09-27,email,email_2023_09
2441,2024-06-25,paid_search_brand,paid_search_brand_2024_06
2442,2024-03-16,paid_search_nonbrand,paid_search_nonbrand_2024_03
2443,2023-02-19,meta_buyer_file,meta_buyer_file_2023_02
2444,2024-05-30,paid_search_nonbrand,paid_search_nonbrand_2024_05
2445,2023-10-02,direct_mail,direct_mail_2023_10
2446,2023-03-20,direct_mail,direct_mail_2023_03
2447,2024-04-03,paid_search_brand,paid_search_brand_2024_04
2448,2024-05-18,meta_acquisition,meta_acquisition_2024_05
2449,2024-02-12,email,email_2024_02
2450,2023-06-20,meta_buyer_file,meta_buyer_file_2023_06
2451,2024-01-24,meta_acquisition,meta_acquisition_2024_01
2452,2023-01-13,meta_acquisition,meta_acquisition_2023_01
2453,2024-02-01,organic,organic_2024_02
2454,2023-07-19,direct_mail,direct_mail_2023_07
2455,2023-01-13,direct_mail,direct_mail_2023_01
2456,2023-04-17,meta_buyer_file,meta_buyer_file_2023_04
2457,2023-09-18,paid_search_brand,paid_search_brand_2023_09
2458,2023-03-09,meta_buyer_file,meta_buyer_file_2023_03
2459,2023-04-20,direct_mail,direct_mail_2023_04
2460,2023-11-25,paid_search_brand,paid_search_brand_2023_11
2461,2024-05-29,meta_buyer_file,meta_buyer_file_2024_05
2462,2024-09-05,direct_mail,direct_mail_2024_09
2463,2023-05-17,email,email_2023_05
2464,2023-09-17,paid_search_nonbrand,paid_search_nonbrand_2023_09
2465,2024-09-04,meta_buyer_file,meta_buyer_file_2024_09
2466,2023-07-28,email,email_2023_07
2467,2023-06-04,organic,organic_2023_06
2468,2024-02-06,organic,organic_2024_02
2469,2024-08-14,meta_buyer_file,meta_buyer_file_2024_08
2470,2023-01-03,direct_mail,direct_mail_2023_01
2471,2024-01-31,direct_mail,direct_mail_2024_01
2472,2023-11-23,meta_acquisition,meta_acquisition_2023_11
2473,2023-02-18,email,email_2023_02
2474,2024-07-17,meta_acquisition,meta_acquisition_2024_07
2475,2024-08-25,paid_search_brand,paid_search_brand_2024_08
2476,2023-01-18,paid_search_nonbrand,paid_search_nonbrand_2023_01
2477,2023-01-21,organic,organic_2023_01
2478,2024-02-04,paid_search_nonbrand,paid_search_nonbrand_2024_02
2479,2024-01-15,paid_search_brand,paid_search_brand_2024_01
2480,2023-08-19,organic,organic_2023_08
2481,2024-06-19,meta_acquisition,meta_acquisition_2024_06
2482,2023-06-13,paid_search_nonbrand,paid_search_nonbrand_2023_06
2483,2024-09-21,direct_mail,direct_mail_2024_09
2484,2024-01-07,paid_search_nonbrand,paid_search_nonbrand_2024_01
2485,2024-08-31,paid_search_brand,paid_search_brand_2024_08
2486,2024-01-03,paid_search_nonbrand,paid_search_nonbrand_2024_01
2487,2023-07-11,paid_search_nonbrand,paid_search_nonbrand_2023_07
2488,2024-08-08,paid_search_nonbrand,paid_search_nonbrand_2024_08
2489,2023-12-10,meta_buyer_file,meta_buyer_file_2023_12
2490,2023-10-25,meta_acquisition,meta_acquisition_2023_10
2491,2024-09-08,direct_mail,direct_mail_2024_09
2492,2024-10-22,meta_buyer_file,meta_buyer_file_2024_10
2493,2023-05-22,paid_search_nonbrand,paid_search_nonbrand_2023_05
2494,2023-12-09,meta_buyer_file,meta_buyer_file_2023_12
2495,2023-09-28,meta_acquisition,meta_acquisition_2023_09
2496,2023-01-03,email,email_2023_01
2497,2023-03-06,meta_acquisition,meta_acquisition_2023_03
2498,2023-10-09,organic,organic_2023_10
2499,2023-01-06,direct_mail,direct_mail_2023_01
2500,2024-06-13,direct_mail,direct_mail_2024_06
90335,2024-04-11,direct_mail,dm_2024_spring_prospect
90174,2024-03-28,direct_mail,dm_2024_spring_prospect
90102,2024-03-29,direct_mail,dm_2024_spring_prospect
90069,2024-04-09,direct_mail,dm_2024_spring_prospect
90219,2024-04-27,direct_mail,dm_2024_spring_prospect
90396,2024-04-25,direct_mail,dm_2024_spring_prospect
90237,2024-03-28,direct_mail,dm_2024_spring_prospect
90259,2024-03-20,direct_mail,dm_2024_spring_prospect
90163,2024-04-09,direct_mail,dm_2024_spring_prospect
90145,2024-04-17,direct_mail,dm_2024_spring_prospect
90038,2024-04-04,direct_mail,dm_2024_spring_prospect
90116,2024-03-27,direct_mail,dm_2024_spring_prospect
90048,2024-04-02,direct_mail,dm_2024_spring_prospect
90034,2024-04-18,direct_mail,dm_2024_spring_prospect
90318,2024-04-02,direct_mail,dm_2024_spring_prospect
90205,2024-04-27,direct_mail,dm_2024_spring_prospect
90100,2024-04-22,direct_mail,dm_2024_spring_prospect
90216,2024-04-08,direct_mail,dm_2024_spring_prospect
90110,2024-04-20,direct_mail,dm_2024_spring_prospect
90169,2024-03-25,direct_mail,dm_2024_spring_prospect
90336,2024-04-20,direct_mail,dm_2024_spring_prospect
90265,2024-04-18,direct_mail,dm_2024_spring_prospect
90138,2024-04-18,direct_mail,dm_2024_spring_prospect
90273,2024-03-18,direct_mail,dm_2024_spring_prospect
90008,2024-04-03,direct_mail,dm_2024_spring_prospect
90304,2024-10-11,direct_mail,dm_2024_fall_prospect
90055,2024-10-08,direct_mail,dm_2024_fall_prospect
90361,2024-10-15,direct_mail,dm_2024_fall_prospect
90258,2024-09-14,direct_mail,dm_2024_fall_prospect
90245,2024-09-22,direct_mail,dm_2024_fall_prospect
90157,2024-09-24,direct_mail,dm_2024_fall_prospect
90374,2024-09-24,direct_mail,dm_2024_fall_prospect
90028,2024-10-18,direct_mail,dm_2024_fall_prospect
90187,2024-10-01,direct_mail,dm_2024_fall_prospect
90101,2024-09-20,direct_mail,dm_2024_fall_prospect
90290,2024-09-29,direct_mail,dm_2024_fall_prospect
90105,2024-09-17,direct_mail,dm_2024_fall_prospect
90020,2024-09-24,direct_mail,dm_2024_fall_prospect
90199,2024-10-13,direct_mail,dm_2024_fall_prospect
90015,2024-10-02,direct_mail,dm_2024_fall_prospect
90059,2024-10-18,direct_mail,dm_2024_fall_prospect
90027,2024-09-13,direct_mail,dm_2024_fall_prospect
90274,2024-10-12,direct_mail,dm_2024_fall_prospect
90176,2024-09-16,direct_mail,dm_2024_fall_prospect
90391,2024-09-15,direct_mail,dm_2024_fall_prospect
90348,2024-09-26,direct_mail,dm_2024_fall_prospect
