order_id,customer_id,order_date,gross_revenue,is_size_exchange,order_channel
1,1,2024-10-16,174.77,0,direct_mail
2,2,2024-07-12,35.65,1,direct_mail
3,3,2023-01-28,170.3,0,meta_buyer_file
4,3,2023-07-27,101.2,0,email
5,3,2023-09-09,217.28,0,meta_buyer_file
6,4,2023-12-15,82.68,0,paid_search_brand
7,4,2024-02-07,118.98,0,organic
8,4,2024-06-16,98.19,0,email
9,5,2024-04-15,215.3,0,meta_buyer_file
10,6,2024-10-05,195.8,0,meta_acquisition
11,7,2023-02-16,180.29,0,meta_acquisition
12,8,2023-04-14,124.35,0,paid_search_nonbrand
13,8,2023-07-06,187.44,0,email
14,8,2023-10-16,179.7,0,direct_mail
15,9,2023-06-17,92.24,0,meta_buyer_file
16,10,2023-08-13,192.5,0,meta_acquisition
17,10,2024-04-05,109.4,0,organic
18,11,2023-03-09,210.01,0,direct_mail
19,11,2023-08-13,127.04,0,direct_mail
20,11,2023-05-14,98.27,0,direct_mail
21,11,2023-10-15,163.5,0,organic
22,12,2024-08-21,147.12,0,paid_search_nonbrand
23,13,2023-05-22,60.91,0,meta_buyer_file
24,13,2023-07-31,214.26,0,meta_buyer_file
25,13,2023-11-20,53.98,0,meta_buyer_file
26,13,2023-11-20,259.15,0,organic
27,14,2024-07-20,47.01,0,email
28,15,2024-07-03,179.5,0,email
29,15,2024-11-26,40.71,0,organic
30,16,2024-05-27,133.84,0,email
31,17,2024-10-16,79.81,0,meta_buyer_file
32,18,2023-01-01,130.51,0,meta_acquisition
33,19,2023-11-11,87.15,0,paid_search_brand
34,19,2024-04-13,219.53,0,direct_mail
35,19,2024-01-12,185.15,0,direct_mail
36,19,2024-02-16,156.09,0,paid_search_brand
37,20,2023-08-05,177.17,0,organic
38,21,2024-02-13,158.73,0,organic
39,22,2023-05-04,16.86,1,paid_search_brand
40,23,2024-08-25,57.42,0,paid_search_brand
41,24,2023-12-05,86.65,0,direct_mail
42,24,2024-07-07,245.81,0,direct_mail
43,25,2023-09-06,186.31,0,email
44,25,2024-01-04,133.19,0,email
45,25,2024-05-14,200.4,0,email
46,26,2023-03-04,104.38,0,paid_search_nonbrand
47,26,2023-08-18,138.69,0,paid_search_nonbrand
48,27,2023-07-07,88.72,0,paid_search_brand
49,28,2024-07-17,159.13,0,direct_mail
50,29,2023-08-31,129.99,0,direct_mail
51,29,2023-11-11,123.37,0,direct_mail
52,30,2023-09-29,182.4,0,organic
53,31,2024-07-23,130.17,0,meta_acquisition
54,32,2023-03-01,139.88,0,meta_buyer_file
55,32,2023-07-31,150.63,0,direct_mail
56,32,2023-04-14,251.37,0,email
57,32,2023-11-03,80.88,0,email
58,33,2023-08-29,209.78,0,paid_search_nonbrand
59,34,2023-02-10,118.36,0,meta_acquisition
60,35,2023-09-25,170.33,0,direct_mail
61,35,2024-04-07,106.0,0,organic
62,35,2024-06-18,205.41,0,email
63,35,2023-10-27,140.82,0,email
64,36,2023-03-17,133.53,0,meta_buyer_file
65,36,2023-11-27,93.74,0,organic
66,37,2023-06-11,140.06,0,paid_search_nonbrand
67,38,2024-10-31,161.88,0,meta_buyer_file
68,39,2023-04-17,68.5,0,organic
69,39,2023-06-25,99.92,0,direct_mail
70,39,2023-11-16,115.43,0,organic
71,39,2023-09-23,147.48,0,email
72,40,2023-04-05,190.14,0,meta_acquisition
73,41,2023-05-14,90.84,0,meta_acquisition
74,42,2024-03-13,64.58,0,meta_buyer_file
75,43,2023-06-02,191.05,0,meta_buyer_file
76,43,2023-07-12,107.82,0,email
77,44,2024-01-02,88.67,0,direct_mail
78,45,2024-02-21,176.16,0,organic
79,45,2024-11-26,215.98,0,direct_mail
80,46,2024-02-27,173.9,0,direct_mail
81,47,2023-09-12,182.79,0,paid_search_brand
82,48,2024-04-26,187.9,0,paid_search_brand
83,48,2024-07-22,45.21,0,direct_mail
84,49,2024-02-13,196.26,0,paid_search_nonbrand
85,49,2024-07-22,127.93,0,organic
86,49,2024-11-09,46.07,0,organic
87,49,2024-04-28,167.73,0,organic
88,50,2023-02-09,121.05,0,direct_mail
89,50,2023-07-19,65.44,0,direct_mail
90,50,2023-05-15,49.77,0,direct_mail
91,50,2023-03-11,154.38,0,direct_mail
92,51,2024-01-08,211.05,0,paid_search_nonbrand
93,52,2023-05-08,97.56,0,meta_acquisition
94,53,2024-02-17,142.02,0,meta_acquisition
95,54,2024-01-24,202.99,0,meta_acquisition
96,55,2024-07-15,98.18,0,email
97,56,2024-09-13,126.37,0,meta_acquisition
98,57,2024-04-29,212.97,0,email
99,58,2023-10-18,155.76,0,meta_buyer_file
100,59,2023-08-29,84.31,0,meta_acquisition
101,59,2024-01-27,174.48,0,email
102,60,2024-04-11,155.21,0,paid_search_nonbrand
103,61,2024-05-21,70.82,0,paid_search_nonbrand
104,62,2023-04-20,83.3,0,email
105,63,2024-04-20,88.61,0,direct_mail
106,63,2024-11-06,156.85,0,organic
107,64,2024-03-29,170.87,0,meta_acquisition
108,65,2024-07-15,72.85,0,paid_search_nonbrand
109,66,2023-09-11,93.53,0,email
110,67,2023-09-02,58.56,0,paid_search_brand
111,67,2024-05-17,158.83,0,direct_mail
112,67,2023-11-09,90.88,0,direct_mail
113,68,2023-08-08,116.33,0,direct_mail
114,68,2024-04-07,132.43,0,email
115,69,2024-08-12,46.03,0,paid_search_nonbrand
116,70,2024-03-05,173.56,0,meta_buyer_file
117,71,2024-05-14,36.38,1,direct_mail
118,72,2024-02-19,192.09,0,meta_acquisition
119,73,2024-06-30,113.95,0,direct_mail
120,73,2024-11-16,69.85,0,direct_mail
121,73,2024-09-14,51.06,0,direct_mail
122,73,2024-10-21,86.57,0,organic
123,74,2023-12-12,111.35,0,email
124,75,2023-09-16,127.3,0,email
125,75,2023-12-12,183.03,0,email
126,75,2024-04-26,46.83,0,direct_mail
127,76,2023-07-24,153.73,0,email
128,77,2023-04-28,83.14,0,meta_buyer_file
129,78,2023-06-21,213.65,0,meta_acquisition
130,79,2023-06-17,19.18,1,organic
131,79,2024-03-05,250.8,0,organic
132,79,2024-03-14,197.3,0,email
133,79,2023-12-15,191.94,0,direct_mail
134,80,2023-04-15,97.78,0,meta_acquisition
135,81,2024-08-02,105.76,0,email
136,82,2024-06-02,47.21,0,meta_acquisition
137,83,2024-03-19,156.23,0,organic
138,84,2024-03-21,136.31,0,direct_mail
139,85,2024-07-05,126.35,0,email
140,86,2023-11-27,190.38,0,email
141,87,2023-09-07,144.72,0,email
142,87,2024-05-11,111.5,0,email
143,87,2023-11-30,118.06,0,organic
144,88,2023-12-15,149.33,0,paid_search_brand
145,89,2024-06-13,59.98,0,organic
146,90,2023-09-04,158.03,0,meta_acquisition
147,91,2023-04-06,115.77,0,paid_search_brand
148,92,2024-01-13,137.91,0,meta_buyer_file
149,93,2023-12-05,124.41,0,paid_search_nonbrand
150,93,2024-02-22,109.42,0,direct_mail
151,93,2024-02-22,87.6,0,paid_search_nonbrand
152,93,2024-03-14,199.41,0,organic
153,94,2023-04-13,96.84,0,email
154,94,2023-09-26,67.85,0,email
155,94,2024-01-17,52.0,0,organic
156,94,2023-11-07,247.7,0,email
157,95,2023-04-16,145.46,0,email
158,95,2024-01-18,51.3,0,email
159,96,2023-04-27,115.12,0,email
160,97,2023-02-24,186.95,0,direct_mail
161,97,2023-04-25,162.78,0,direct_mail
162,98,2024-09-12,153.22,0,meta_acquisition
163,99,2024-03-29,147.99,0,paid_search_brand
164,100,2023-03-03,174.52,0,meta_acquisition
165,100,2023-06-08,185.29,0,direct_mail
166,101,2023-09-03,17.44,1,direct_mail
167,101,2024-01-31,104.08,0,direct_mail
168,101,2023-12-15,195.53,0,direct_mail
169,101,2023-10-21,191.22,0,organic
170,102,2024-10-02,185.68,0,meta_acquisition
171,103,2023-06-02,189.66,0,organic
172,103,2023-12-01,204.77,0,organic
173,103,2023-10-22,67.36,0,organic
174,104,2024-02-17,132.58,0,organic
175,104,2024-10-31,135.05,0,organic
176,105,2024-09-10,60.98,0,paid_search_brand
177,106,2024-08-12,48.63,0,meta_acquisition
178,107,2024-08-13,177.35,0,direct_mail
179,108,2023-10-12,147.43,0,direct_mail
180,108,2024-03-10,116.55,0,organic
181,109,2023-11-25,195.1,0,meta_acquisition
182,110,2023-10-23,115.08,0,meta_acquisition
183,110,2024-02-10,95.53,0,email
184,111,2024-02-18,56.81,1,email
185,112,2024-04-18,77.83,0,paid_search_nonbrand
186,113,2024-10-02,54.03,0,paid_search_nonbrand
187,114,2024-05-11,215.3,0,direct_mail
188,114,2024-08-28,161.18,0,direct_mail
189,115,2023-04-06,192.25,0,paid_search_brand
190,116,2024-10-25,132.22,0,email
191,117,2023-10-07,129.44,0,paid_search_nonbrand
192,118,2023-05-29,206.33,0,paid_search_nonbrand
193,119,2023-03-13,183.25,0,paid_search_brand
194,120,2024-06-03,45.45,0,paid_search_brand
195,121,2024-08-16,130.69,0,organic
196,122,2023-12-20,178.5,0,paid_search_nonbrand
197,123,2023-07-13,86.79,0,organic
198,124,2024-02-25,175.32,0,direct_mail
199,125,2024-01-31,183.67,0,organic
200,125,2024-04-02,150.5,0,organic
201,126,2023-04-13,122.05,0,email
202,127,2023-05-28,159.59,0,paid_search_nonbrand
203,128,2023-09-29,166.22,0,paid_search_nonbrand
204,129,2024-06-30,100.42,0,paid_search_nonbrand
205,130,2024-07-08,56.97,0,direct_mail
206,131,2023-08-21,120.95,0,email
207,132,2023-04-13,166.45,0,paid_search_nonbrand
208,132,2023-07-27,118.86,0,paid_search_nonbrand
209,133,2023-05-30,117.11,0,paid_search_brand
210,133,2023-07-19,174.09,0,paid_search_brand
211,134,2024-09-26,132.09,0,meta_acquisition
212,135,2024-10-15,26.9,1,paid_search_brand
213,136,2023-10-22,72.65,0,meta_acquisition
214,137,2024-08-24,213.36,0,paid_search_brand
215,138,2023-11-06,112.32,0,direct_mail
216,138,2024-03-06,166.46,0,organic
217,138,2023-12-11,255.15,0,direct_mail
218,138,2024-02-14,41.78,0,email
219,139,2024-09-12,190.75,0,email
220,140,2023-08-24,106.66,0,meta_acquisition
221,141,2023-05-21,203.1,0,meta_acquisition
222,142,2024-03-27,108.85,0,direct_mail
223,143,2023-12-01,75.74,0,email
224,144,2024-01-10,204.86,0,meta_buyer_file
225,144,2024-10-13,217.43,0,organic
226,144,2024-09-01,65.34,0,email
227,145,2023-05-25,84.48,0,email
228,146,2024-02-11,185.8,0,organic
229,147,2023-01-15,66.63,0,paid_search_brand
230,148,2023-09-26,188.92,0,meta_acquisition
231,148,2024-02-23,45.51,0,organic
232,149,2024-09-16,56.06,0,paid_search_brand
233,150,2023-11-06,65.42,0,meta_acquisition
234,150,2024-01-04,61.38,0,direct_mail
235,150,2024-03-14,139.8,0,meta_acquisition
236,151,2024-08-24,72.04,0,email
237,152,2024-02-22,93.95,0,organic
238,152,2024-11-21,91.94,0,organic
239,152,2024-04-17,255.8,0,organic
240,153,2024-07-11,157.84,0,organic
241,154,2024-04-10,82.12,0,direct_mail
242,155,2023-02-21,87.62,0,email
243,156,2023-03-12,141.99,0,email
244,157,2023-08-27,70.82,0,paid_search_nonbrand
245,157,2023-10-29,158.85,0,direct_mail
246,158,2023-04-23,14.85,1,meta_acquisition
247,159,2023-09-01,47.76,0,meta_acquisition
248,159,2024-02-12,65.0,0,email
249,159,2024-01-30,138.62,0,organic
250,160,2024-06-09,124.1,0,meta_acquisition
251,161,2024-06-17,47.27,1,paid_search_brand
252,162,2024-02-16,63.89,0,paid_search_nonbrand
253,163,2023-03-24,70.96,0,paid_search_nonbrand
254,164,2024-08-22,101.91,0,meta_buyer_file
255,165,2024-04-09,120.28,0,meta_buyer_file
256,165,2024-10-22,233.1,0,direct_mail
257,165,2024-08-27,139.34,0,direct_mail
258,165,2024-08-22,114.56,0,meta_buyer_file
259,166,2024-02-13,61.64,0,paid_search_nonbrand
260,167,2024-01-19,165.19,0,organic
261,167,2024-03-12,135.01,0,organic
262,168,2023-05-14,147.63,0,meta_buyer_file
263,168,2023-09-26,117.79,0,meta_buyer_file
264,169,2023-02-22,150.07,0,organic
265,170,2023-08-06,129.38,0,direct_mail
266,170,2023-12-08,65.27,0,organic
267,170,2024-01-29,89.76,0,direct_mail
268,170,2024-04-08,163.41,0,email
269,171,2024-09-15,190.16,0,organic
270,172,2023-11-13,106.43,0,organic
271,172,2024-03-24,55.31,0,email
272,172,2024-01-05,204.14,0,direct_mail
273,172,2024-03-18,132.36,0,organic
274,173,2023-06-11,171.28,0,paid_search_nonbrand
275,174,2023-03-28,72.23,0,organic
276,174,2023-07-05,137.48,0,organic
277,175,2024-05-12,117.48,0,meta_acquisition
278,176,2023-12-20,94.57,0,paid_search_nonbrand
279,177,2023-11-12,114.17,0,direct_mail
280,177,2024-08-10,86.47,0,direct_mail
281,177,2024-06-24,96.21,0,organic
282,178,2023-05-03,175.73,0,direct_mail
283,178,2023-07-30,150.06,0,organic
284,178,2023-06-20,127.36,0,email
285,178,2023-09-21,44.12,0,email
286,179,2023-11-17,145.34,0,meta_buyer_file
287,179,2024-03-29,44.59,0,organic
288,180,2023-06-25,153.17,0,email
289,181,2023-04-01,63.53,0,paid_search_nonbrand
290,182,2023-03-22,99.3,0,paid_search_nonbrand
291,183,2023-06-22,155.81,0,direct_mail
292,183,2023-10-19,200.02,0,direct_mail
293,183,2023-09-20,62.62,0,organic
294,184,2023-07-22,71.75,0,direct_mail
295,184,2023-12-25,142.07,0,direct_mail
296,184,2024-02-11,243.31,0,organic
297,184,2024-03-29,253.61,0,organic
298,185,2023-06-04,127.06,0,paid_search_nonbrand
299,186,2024-08-28,133.78,0,direct_mail
300,187,2023-02-28,95.24,0,paid_search_nonbrand
301,188,2023-04-03,133.74,0,meta_acquisition
302,189,2023-02-12,186.72,0,paid_search_nonbrand
303,190,2024-05-02,212.6,0,meta_buyer_file
304,191,2023-12-18,59.76,0,organic
305,191,2024-05-08,258.02,0,direct_mail
306,191,2024-04-19,122.03,0,organic
307,191,2024-04-25,129.93,0,organic
308,192,2024-09-04,155.41,0,direct_mail
309,193,2024-01-31,171.65,0,paid_search_brand
310,194,2023-06-03,146.98,0,paid_search_nonbrand
311,195,2024-02-06,169.05,0,direct_mail
312,196,2024-10-20,187.31,0,email
313,197,2024-06-23,162.33,0,direct_mail
314,197,2024-09-07,249.26,0,organic
315,198,2024-05-12,220.0,0,direct_mail
316,198,2024-10-18,209.59,0,email
317,199,2023-12-11,153.16,0,email
318,199,2024-08-09,192.43,0,direct_mail
319,200,2024-03-24,108.75,0,direct_mail
320,201,2024-09-17,175.99,0,paid_search_brand
321,202,2023-11-13,182.26,0,organic
322,202,2024-08-11,165.49,0,organic
323,202,2024-04-09,209.28,0,organic
324,202,2024-04-19,156.04,0,direct_mail
325,203,2023-07-24,69.22,0,email
326,204,2024-01-16,62.95,0,meta_buyer_file
327,205,2023-10-19,73.05,0,direct_mail
328,205,2023-12-11,248.21,0,direct_mail
329,205,2024-06-14,139.25,0,organic
330,206,2023-01-28,114.38,0,paid_search_nonbrand
331,207,2023-03-25,49.93,0,paid_search_nonbrand
332,208,2024-10-27,21.17,1,paid_search_nonbrand
333,209,2024-04-28,69.29,0,meta_acquisition
334,210,2023-01-06,48.33,0,organic
335,210,2023-07-10,156.11,0,email
336,210,2023-08-22,103.38,0,organic
337,210,2023-03-08,50.5,0,organic
338,211,2024-10-16,124.99,0,email
339,212,2024-09-03,155.59,0,meta_buyer_file
340,213,2023-10-26,152.59,0,paid_search_nonbrand
341,214,2023-03-29,108.11,0,meta_buyer_file
342,215,2024-06-03,113.33,0,meta_buyer_file
343,216,2024-01-18,47.84,0,paid_search_brand
344,216,2024-08-03,178.22,0,organic
345,216,2024-03-22,49.75,0,organic
346,216,2024-09-12,181.42,0,paid_search_brand
347,217,2024-05-05,187.01,0,meta_acquisition
348,218,2024-04-13,80.28,0,direct_mail
349,219,2023-11-20,135.19,0,organic
350,220,2023-09-17,158.21,0,direct_mail
351,221,2023-02-18,103.09,0,email
352,221,2023-09-26,136.74,0,email
353,221,2023-06-14,254.22,0,email
354,222,2024-05-24,184.53,0,paid_search_nonbrand
355,222,2024-07-13,134.73,0,direct_mail
356,222,2024-11-09,104.63,0,email
357,223,2023-03-23,96.74,0,paid_search_nonbrand
358,224,2023-06-20,106.52,0,meta_acquisition
359,225,2023-12-28,121.11,0,meta_acquisition
360,226,2023-02-28,156.56,0,direct_mail
361,227,2023-06-13,69.99,0,organic
362,228,2023-02-05,86.3,0,direct_mail
363,228,2023-03-15,173.12,0,direct_mail
364,228,2023-11-04,121.61,0,direct_mail
365,228,2023-09-18,56.91,0,direct_mail
366,229,2024-06-26,100.02,0,paid_search_nonbrand
367,230,2023-01-27,132.33,0,meta_acquisition
368,231,2023-09-26,168.21,0,email
369,232,2024-05-17,68.75,0,direct_mail
370,232,2024-10-07,259.4,0,organic
371,232,2024-12-03,116.43,0,email
372,232,2024-11-03,159.28,0,organic
373,233,2023-06-11,207.28,0,meta_acquisition
374,234,2024-06-04,217.4,0,paid_search_brand
375,234,2024-07-10,119.4,0,organic
376,234,2024-10-31,216.81,0,direct_mail
377,235,2024-09-18,56.51,0,organic
378,236,2024-05-05,179.6,0,meta_buyer_file
379,236,2024-11-15,56.32,0,meta_buyer_file
380,236,2024-11-25,153.82,0,direct_mail
381,237,2024-07-18,76.84,0,meta_acquisition
382,238,2023-02-26,135.67,0,email
383,238,2023-05-24,116.13,0,organic
384,238,2023-10-30,57.35,0,direct_mail
385,238,2023-09-06,250.4,0,organic
386,239,2023-05-09,152.52,0,meta_acquisition
387,240,2024-08-29,71.98,0,organic
388,241,2024-09-11,206.69,0,paid_search_nonbrand
389,242,2023-03-25,157.25,0,direct_mail
390,243,2024-08-08,156.82,0,paid_search_nonbrand
391,244,2023-10-24,97.87,0,meta_acquisition
392,245,2024-02-20,57.77,0,paid_search_brand
393,246,2024-05-10,104.53,0,meta_buyer_file
394,247,2023-11-23,195.64,0,meta_acquisition
395,247,2024-05-02,163.56,0,organic
396,247,2024-02-22,142.62,0,organic
397,248,2024-04-05,61.94,0,paid_search_brand
398,248,2024-08-20,94.62,0,direct_mail
399,248,2024-11-29,112.04,0,organic
400,248,2024-06-22,207.89,0,paid_search_brand
401,249,2024-06-11,198.84,0,meta_buyer_file
402,249,2024-11-17,140.59,0,direct_mail
403,249,2024-09-04,168.34,0,email
404,250,2023-02-21,149.57,0,paid_search_brand
405,251,2023-10-20,193.26,0,meta_buyer_file
406,252,2024-01-10,109.04,0,email
407,253,2023-07-19,95.51,0,paid_search_nonbrand
408,254,2024-07-17,218.09,0,paid_search_brand
409,254,2024-11-24,122.1,0,organic
410,255,2024-07-25,177.12,0,organic
411,256,2024-05-27,51.81,0,direct_mail
412,257,2024-06-15,151.1,0,paid_search_nonbrand
413,258,2024-09-19,113.77,0,paid_search_brand
414,259,2024-08-30,189.95,0,paid_search_nonbrand
415,260,2023-11-03,47.91,0,meta_buyer_file
416,260,2024-04-30,107.69,0,email
417,260,2024-05-03,144.41,0,direct_mail
418,261,2023-02-22,74.84,0,meta_acquisition
419,262,2024-01-25,49.24,1,direct_mail
420,263,2023-04-23,122.18,0,direct_mail
421,263,2023-09-05,150.4,0,direct_mail
422,264,2023-03-05,135.77,0,meta_acquisition
423,265,2024-05-04,99.91,0,meta_buyer_file
424,266,2023-12-17,163.28,0,meta_buyer_file
425,267,2023-09-28,78.65,0,meta_acquisition
426,268,2023-08-19,216.9,0,organic
427,269,2024-05-15,106.04,0,paid_search_brand
428,270,2023-10-08,145.36,0,paid_search_brand
429,271,2024-02-09,212.06,0,email
430,271,2024-11-09,197.11,0,organic
431,271,2024-11-01,137.32,0,organic
432,272,2024-05-05,189.89,0,direct_mail
433,273,2023-10-06,152.74,0,direct_mail
434,273,2024-06-23,156.83,0,direct_mail
435,273,2023-11-18,62.04,0,organic
436,273,2024-05-06,143.93,0,direct_mail
437,274,2023-01-06,216.13,0,organic
438,275,2024-05-02,79.9,0,meta_buyer_file
439,275,2024-06-16,239.75,0,email
440,275,2024-11-14,166.31,0,email
441,276,2023-06-29,191.58,0,paid_search_nonbrand
442,276,2024-02-15,148.98,0,organic
443,276,2024-03-09,48.24,0,organic
444,277,2024-08-04,207.48,0,meta_acquisition
445,278,2024-10-18,131.43,0,meta_buyer_file
446,279,2024-04-24,186.54,0,paid_search_brand
447,280,2024-10-25,77.58,0,paid_search_brand
448,281,2024-08-04,78.8,0,meta_acquisition
449,282,2024-02-20,135.17,0,email
450,283,2023-07-09,128.55,0,organic
451,283,2023-10-07,138.28,0,organic
452,283,2024-04-08,112.52,0,email
453,284,2023-09-25,166.23,0,meta_acquisition
454,284,2023-12-04,129.19,0,organic
455,284,2024-04-18,65.83,0,organic
456,285,2024-01-12,83.35,0,meta_acquisition
457,285,2024-07-15,122.2,0,meta_acquisition
458,285,2024-08-22,158.25,0,direct_mail
459,285,2024-08-24,94.44,0,email
460,286,2024-06-22,168.16,0,paid_search_nonbrand
461,287,2023-03-05,203.01,0,email
462,288,2023-06-18,136.06,0,paid_search_nonbrand
463,288,2023-11-20,60.01,0,paid_search_nonbrand
464,288,2024-02-10,52.24,0,direct_mail
465,288,2023-11-26,131.39,0,email
466,289,2024-07-26,186.21,0,meta_buyer_file
467,290,2023-01-04,146.2,0,email
468,290,2023-06-21,258.71,0,email
469,291,2024-04-28,116.55,0,direct_mail
470,292,2024-10-23,110.53,0,organic
471,293,2024-01-22,164.48,0,paid_search_nonbrand
472,294,2024-10-31,65.76,0,email
473,295,2023-05-11,25.19,1,meta_acquisition
474,295,2023-10-06,188.17,0,meta_acquisition
475,295,2023-10-24,123.44,0,direct_mail
476,296,2023-09-11,72.15,0,meta_buyer_file
477,297,2023-04-26,160.53,0,direct_mail
478,298,2023-01-17,56.78,0,paid_search_brand
479,299,2023-02-19,52.74,0,paid_search_brand
480,300,2023-02-27,218.86,0,direct_mail
481,301,2024-08-12,149.64,0,paid_search_brand
482,302,2023-11-06,217.5,0,email
483,302,2023-12-21,162.48,0,direct_mail
484,302,2024-05-14,189.33,0,email
485,303,2023-02-18,209.78,0,organic
486,304,2023-11-23,116.45,0,meta_acquisition
487,304,2024-04-22,93.01,0,direct_mail
488,304,2024-03-08,228.66,0,direct_mail
489,304,2024-07-16,141.87,0,email
490,305,2024-07-29,117.89,0,paid_search_nonbrand
491,306,2023-09-19,158.17,0,direct_mail
492,307,2023-04-05,190.15,0,meta_buyer_file
493,307,2023-10-06,48.7,0,email
494,307,2023-06-22,217.02,0,direct_mail
495,307,2023-09-04,85.96,0,organic
496,308,2023-11-07,47.68,0,organic
497,309,2023-05-01,177.01,0,email
498,310,2023-07-29,86.88,0,paid_search_nonbrand
499,310,2024-01-11,182.72,0,organic
500,310,2023-11-02,119.12,0,paid_search_nonbrand
501,311,2024-04-22,216.73,0,direct_mail
502,312,2023-07-28,117.44,0,paid_search_nonbrand
503,312,2023-08-31,97.37,0,paid_search_nonbrand
504,313,2023-10-30,102.73,0,direct_mail
505,314,2024-05-26,210.11,0,meta_buyer_file
506,315,2024-05-15,157.3,0,organic
507,315,2024-07-27,70.79,0,organic
508,315,2024-07-31,241.72,0,email
509,316,2024-06-20,193.17,0,direct_mail
510,317,2023-01-07,192.45,0,paid_search_nonbrand
511,318,2023-01-10,124.8,0,direct_mail
512,319,2024-09-23,48.11,1,organic
513,320,2024-02-26,137.65,0,direct_mail
514,321,2023-01-18,167.13,0,meta_buyer_file
515,322,2023-07-03,61.85,0,direct_mail
516,322,2023-10-05,219.35,0,organic
517,322,2024-02-21,127.32,0,organic
518,322,2024-04-03,129.33,0,direct_mail
519,323,2023-08-20,189.91,0,paid_search_brand
520,324,2024-10-27,61.36,0,email
521,325,2023-02-27,168.0,0,meta_acquisition
522,326,2024-10-22,144.02,0,email
523,327,2023-02-13,202.72,0,paid_search_brand
524,328,2023-10-05,58.01,0,direct_mail
525,329,2024-07-31,76.39,0,meta_acquisition
526,330,2023-05-28,169.72,0,email
527,330,2023-11-18,92.9,0,email
528,331,2024-07-07,177.23,0,paid_search_nonbrand
529,332,2023-03-22,215.51,0,meta_buyer_file
530,332,2023-07-17,173.14,0,meta_buyer_file
531,333,2023-12-01,92.83,0,direct_mail
532,333,2024-05-20,247.05,0,direct_mail
533,333,2024-02-16,189.53,0,direct_mail
534,334,2023-03-29,96.69,0,email
535,334,2023-06-06,123.6,0,direct_mail
536,334,2023-11-03,125.72,0,organic
537,335,2023-04-20,210.02,0,direct_mail
538,336,2023-04-15,77.79,0,direct_mail
539,337,2024-02-22,60.68,0,direct_mail
540,338,2023-11-29,47.16,0,email
541,339,2024-07-26,216.18,0,organic
542,339,2024-10-07,70.54,0,organic
543,339,2024-11-01,148.49,0,email
544,340,2023-06-21,118.69,0,paid_search_nonbrand
545,340,2024-03-18,94.25,0,paid_search_nonbrand
546,340,2023-12-20,175.67,0,paid_search_nonbrand
547,341,2023-04-20,46.18,0,direct_mail
548,342,2024-01-25,102.67,0,email
549,343,2024-10-28,68.82,0,organic
550,344,2023-07-25,76.09,0,meta_buyer_file
551,344,2024-02-17,179.24,0,direct_mail
552,344,2023-11-15,122.73,0,meta_buyer_file
553,344,2023-11-25,65.06,0,direct_mail
554,345,2024-08-29,76.49,0,organic
555,346,2023-08-03,95.98,0,paid_search_nonbrand
556,347,2024-02-23,69.36,0,meta_acquisition
557,347,2024-09-23,133.09,0,meta_acquisition
558,348,2023-03-17,149.64,0,paid_search_nonbrand
559,349,2024-03-04,183.38,0,meta_buyer_file
560,350,2024-07-03,205.02,0,meta_acquisition
561,351,2023-12-30,152.22,0,direct_mail
562,352,2024-10-24,176.72,0,paid_search_nonbrand
563,353,2023-01-11,83.85,0,direct_mail
564,354,2024-08-12,110.47,0,paid_search_brand
565,355,2024-05-27,219.6,0,direct_mail
566,355,2024-07-25,222.89,0,direct_mail
567,356,2023-12-23,124.68,0,paid_search_brand
568,357,2024-05-02,171.35,0,direct_mail
569,357,2024-12-25,196.37,0,email
570,358,2023-12-18,163.5,0,meta_acquisition
571,359,2023-09-07,141.58,0,meta_buyer_file
572,359,2023-12-05,215.51,0,direct_mail
573,359,2023-11-23,180.91,0,meta_buyer_file
574,360,2024-02-10,152.47,0,direct_mail
575,361,2024-02-03,82.59,0,direct_mail
576,362,2023-03-06,184.91,0,meta_buyer_file
577,362,2023-07-31,65.07,0,meta_buyer_file
578,363,2024-06-24,99.85,0,organic
579,364,2023-04-27,192.97,0,paid_search_nonbrand
580,365,2023-11-01,148.28,0,organic
581,365,2024-02-17,65.73,0,organic
582,366,2023-05-25,118.19,0,meta_buyer_file
583,366,2023-10-26,179.81,0,direct_mail
584,367,2024-07-22,95.55,0,direct_mail
585,368,2024-09-26,32.35,1,direct_mail
586,369,2024-07-29,131.62,0,meta_buyer_file
587,370,2024-03-30,17.84,1,meta_buyer_file
588,371,2023-10-27,84.35,0,direct_mail
589,372,2024-08-02,179.04,0,email
590,372,2024-11-08,210.52,0,organic
591,373,2024-07-09,52.28,0,email
592,374,2024-03-11,190.26,0,direct_mail
593,374,2024-08-03,97.82,0,email
594,375,2024-03-25,65.54,0,email
595,375,2024-09-21,191.61,0,email
596,375,2024-06-05,175.55,0,direct_mail
597,375,2024-11-18,85.53,0,email
598,376,2024-08-06,94.19,0,paid_search_nonbrand
599,377,2023-10-27,91.79,0,paid_search_brand
600,378,2023-04-08,176.27,0,direct_mail
601,378,2023-12-15,184.3,0,direct_mail
602,378,2023-07-10,72.17,0,organic
603,379,2023-09-11,163.34,0,email
604,380,2023-10-03,110.66,0,meta_acquisition
605,381,2023-04-06,176.22,0,paid_search_nonbrand
606,382,2024-04-10,30.68,1,organic
607,383,2023-04-06,125.23,0,meta_acquisition
608,384,2023-03-06,114.6,0,email
609,385,2024-05-21,189.96,0,paid_search_brand
610,386,2024-08-02,182.95,0,email
611,387,2023-02-17,182.18,0,direct_mail
612,387,2023-07-09,140.43,0,direct_mail
613,388,2023-07-27,204.15,0,organic
614,388,2023-09-18,184.01,0,organic
615,388,2023-09-16,121.81,0,direct_mail
616,389,2023-02-23,98.46,0,paid_search_nonbrand
617,389,2023-04-17,194.81,0,email
618,389,2023-05-18,144.9,0,direct_mail
619,389,2023-08-23,89.76,0,paid_search_nonbrand
620,390,2023-01-10,105.13,0,direct_mail
621,391,2023-05-16,85.07,0,meta_buyer_file
622,392,2023-04-16,199.17,0,paid_search_brand
623,393,2023-05-17,163.5,0,meta_acquisition
624,394,2024-09-16,122.02,0,meta_acquisition
625,395,2023-06-05,152.81,0,organic
626,395,2023-08-09,205.54,0,organic
627,396,2023-12-26,100.04,0,organic
628,396,2024-03-28,161.75,0,organic
629,397,2023-01-28,160.22,0,email
630,398,2024-06-05,113.56,0,direct_mail
631,399,2023-09-03,64.73,0,meta_buyer_file
632,400,2024-06-24,47.11,0,organic
633,401,2024-02-01,144.47,0,email
634,402,2024-04-27,53.94,1,organic
635,402,2024-07-21,48.76,0,email
636,403,2024-02-12,155.0,0,meta_buyer_file
637,403,2024-06-23,58.13,0,direct_mail
638,403,2024-05-23,58.39,0,email
639,403,2024-07-21,242.6,0,direct_mail
640,404,2024-07-03,147.63,0,paid_search_nonbrand
641,405,2024-10-20,167.27,0,direct_mail
642,406,2023-03-01,206.81,0,paid_search_brand
643,407,2023-02-26,174.8,0,paid_search_brand
644,407,2023-05-02,194.33,0,direct_mail
645,407,2023-08-02,249.66,0,organic
646,407,2023-05-09,121.81,0,organic
647,408,2023-05-01,50.14,0,email
648,408,2023-08-06,196.71,0,email
649,409,2024-05-23,108.02,0,paid_search_nonbrand
650,410,2024-01-12,180.33,0,direct_mail
651,411,2023-04-29,134.04,0,paid_search_brand
652,412,2023-09-08,108.7,0,direct_mail
653,412,2024-02-26,216.69,0,direct_mail
654,413,2023-08-18,117.84,0,paid_search_nonbrand
655,413,2024-02-10,122.02,0,email
656,414,2023-07-03,135.26,0,paid_search_brand
657,415,2024-04-21,180.37,0,email
658,415,2024-05-23,121.16,0,organic
659,415,2024-10-12,212.59,0,direct_mail
660,416,2024-04-20,215.08,0,paid_search_nonbrand
661,417,2024-07-13,26.37,1,email
662,418,2023-08-27,156.29,0,meta_buyer_file
663,418,2023-09-26,206.96,0,meta_buyer_file
664,418,2024-04-30,202.38,0,organic
665,419,2023-04-17,217.05,0,direct_mail
666,420,2023-05-26,61.28,0,meta_acquisition
667,421,2024-06-16,201.73,0,paid_search_nonbrand
668,422,2024-08-17,68.36,0,direct_mail
669,422,2024-10-01,135.7,0,direct_mail
670,422,2024-11-15,104.17,0,organic
671,423,2024-02-07,173.69,0,meta_acquisition
672,423,2024-11-04,84.6,0,email
673,424,2023-06-09,123.67,0,direct_mail
674,424,2024-03-11,209.47,0,direct_mail
675,424,2023-09-25,141.94,0,email
676,425,2023-04-03,165.06,0,direct_mail
677,426,2023-02-11,194.9,0,direct_mail
678,427,2023-12-31,53.57,0,paid_search_nonbrand
679,428,2023-06-28,115.77,0,direct_mail
680,429,2023-09-13,62.83,0,direct_mail
681,429,2024-05-12,211.81,0,direct_mail
682,430,2023-05-14,115.1,0,direct_mail
683,431,2023-03-28,90.29,0,meta_acquisition
684,431,2023-06-16,238.55,0,meta_acquisition
685,432,2023-05-12,193.27,0,direct_mail
686,432,2023-06-23,76.96,0,direct_mail
687,432,2024-01-07,199.37,0,direct_mail
688,433,2023-01-31,119.67,0,paid_search_nonbrand
689,434,2023-10-09,59.88,1,paid_search_brand
690,435,2023-09-09,132.31,0,meta_acquisition
691,436,2023-03-31,69.02,0,paid_search_brand
692,437,2024-06-22,218.97,0,paid_search_brand
693,438,2024-01-03,181.75,0,meta_buyer_file
694,439,2023-11-26,76.47,0,paid_search_nonbrand
695,439,2024-01-09,217.9,0,paid_search_nonbrand
696,439,2024-05-09,118.64,0,direct_mail
697,440,2023-06-13,159.95,0,direct_mail
698,441,2023-02-27,210.87,0,email
699,442,2024-02-02,191.86,0,paid_search_nonbrand
700,442,2024-05-23,217.37,0,organic
701,442,2024-10-22,170.14,0,organic
702,442,2024-10-31,164.88,0,direct_mail
703,443,2024-07-30,191.42,0,organic
704,444,2024-07-09,130.83,0,paid_search_brand
705,444,2024-08-13,155.82,0,email
706,445,2023-12-06,80.26,0,organic
707,446,2023-11-28,70.85,0,direct_mail
708,446,2024-07-31,155.78,0,organic
709,447,2023-03-16,209.84,0,paid_search_nonbrand
710,447,2023-07-06,70.02,0,direct_mail
711,447,2023-10-19,248.71,0,paid_search_nonbrand
712,448,2024-10-26,168.76,0,paid_search_brand
713,449,2024-09-20,84.07,0,email
714,450,2023-10-29,172.55,0,direct_mail
715,451,2024-02-05,179.9,0,email
716,451,2024-10-27,217.94,0,direct_mail
717,451,2024-08-16,164.42,0,email
718,452,2023-05-25,58.62,0,paid_search_nonbrand
719,452,2024-02-05,251.88,0,organic
720,452,2023-10-16,42.51,0,direct_mail
721,452,2023-08-26,192.5,0,organic
722,453,2023-09-20,171.07,0,email
723,453,2024-06-24,76.59,0,email
724,453,2024-02-23,233.99,0,organic
725,454,2024-07-13,190.04,0,paid_search_nonbrand
726,455,2023-08-19,57.9,0,direct_mail
727,455,2023-11-23,249.37,0,email
728,455,2023-12-14,77.42,0,direct_mail
729,456,2023-06-14,140.73,0,meta_acquisition
730,456,2023-12-18,236.51,0,email
731,456,2023-11-01,247.34,0,direct_mail
732,456,2023-12-16,235.75,0,direct_mail
733,457,2023-02-24,80.97,0,direct_mail
734,458,2024-07-07,94.27,0,paid_search_brand
735,458,2024-12-24,224.77,0,direct_mail
736,458,2024-08-19,119.38,0,paid_search_brand
737,458,2024-08-28,104.8,0,paid_search_brand
738,459,2023-07-24,81.22,0,direct_mail
739,460,2024-04-29,98.96,0,email
740,461,2023-09-29,140.22,0,direct_mail
741,462,2024-01-14,52.81,0,direct_mail
742,462,2024-07-06,53.56,0,email
743,462,2024-03-05,186.99,0,direct_mail
744,463,2024-08-26,55.67,0,paid_search_brand
745,464,2024-07-02,208.86,0,meta_acquisition
746,465,2023-11-03,202.99,0,direct_mail
747,465,2024-06-24,165.73,0,direct_mail
748,465,2024-01-02,248.84,0,direct_mail
749,465,2024-01-16,248.79,0,direct_mail
750,466,2023-08-05,67.08,0,email
751,467,2024-03-21,188.95,0,direct_mail
752,468,2023-11-24,204.98,0,organic
753,469,2024-02-11,194.91,0,meta_buyer_file
754,470,2023-01-13,154.04,0,email
755,470,2023-03-22,72.6,0,email
756,470,2023-10-06,63.24,0,email
757,471,2023-10-20,199.02,0,email
758,471,2024-03-22,165.85,0,email
759,471,2023-11-28,77.88,0,email
760,471,2023-12-25,176.01,0,email
761,472,2023-02-09,198.82,0,paid_search_nonbrand
762,472,2023-11-01,99.09,0,organic
763,472,2023-03-16,114.33,0,organic
764,473,2023-11-15,131.03,0,paid_search_brand
765,473,2024-01-18,106.11,0,paid_search_brand
766,474,2023-11-25,117.94,0,paid_search_brand
767,474,2024-08-14,221.27,0,paid_search_brand
768,475,2024-06-12,188.68,0,email
769,476,2024-06-02,181.59,0,paid_search_nonbrand
770,477,2023-06-27,190.76,0,direct_mail
771,477,2023-08-08,241.97,0,direct_mail
772,477,2023-10-05,121.04,0,direct_mail
773,478,2024-06-01,206.54,0,paid_search_nonbrand
774,479,2024-05-15,76.08,0,meta_acquisition
775,480,2023-12-25,191.59,0,paid_search_nonbrand
776,481,2023-04-03,112.65,0,paid_search_brand
777,482,2023-08-08,158.29,0,email
778,482,2024-01-16,44.41,0,email
779,482,2024-01-06,240.53,0,direct_mail
780,483,2024-09-07,84.16,0,email
781,484,2024-10-20,201.71,0,paid_search_brand
782,485,2023-08-12,163.51,0,meta_buyer_file
783,485,2023-09-12,152.53,0,organic
784,486,2024-07-28,151.58,0,meta_acquisition
785,486,2024-11-21,257.44,0,organic
786,487,2023-10-11,169.44,0,paid_search_brand
787,487,2024-03-21,208.4,0,email
788,488,2024-09-06,100.93,0,paid_search_nonbrand
789,488,2024-12-20,97.07,0,paid_search_nonbrand
790,489,2024-02-02,147.03,0,meta_acquisition
791,490,2023-12-18,83.91,0,meta_acquisition
792,491,2024-01-03,192.95,0,meta_buyer_file
793,492,2023-07-05,127.39,0,paid_search_brand
794,493,2024-07-26,77.04,0,email
795,493,2024-10-20,118.16,0,organic
796,494,2024-03-06,102.98,0,email
797,494,2024-08-03,51.81,0,email
798,495,2024-04-28,132.58,0,organic
799,496,2023-11-02,197.4,0,paid_search_nonbrand
800,497,2023-12-17,144.65,0,paid_search_nonbrand
801,498,2023-11-20,76.56,0,email
802,498,2024-03-09,179.59,0,email
803,499,2024-04-07,178.21,0,paid_search_brand
804,500,2024-05-16,181.46,0,email
805,500,2024-09-26,134.39,0,email
806,500,2024-09-21,41.03,0,direct_mail
807,501,2024-01-18,201.1,0,organic
808,502,2023-01-19,154.67,0,meta_acquisition
809,503,2023-12-19,62.97,0,paid_search_brand
810,503,2024-08-15,50.06,0,organic
811,504,2024-04-11,149.36,0,meta_acquisition
812,505,2023-05-18,202.74,0,paid_search_nonbrand
813,505,2023-06-21,90.25,0,direct_mail
814,505,2023-08-10,201.5,0,direct_mail
815,506,2023-05-07,47.65,1,paid_search_nonbrand
816,507,2023-09-19,154.05,0,email
817,507,2024-04-03,223.95,0,email
818,508,2023-04-29,111.54,0,paid_search_nonbrand
819,509,2023-06-06,49.5,1,direct_mail
820,509,2023-12-22,154.47,0,direct_mail
821,510,2024-03-04,63.36,0,email
822,510,2024-10-20,63.38,0,direct_mail
823,511,2024-09-15,91.02,0,direct_mail
824,512,2023-10-30,140.92,0,direct_mail
825,513,2024-05-07,45.48,0,paid_search_nonbrand
826,514,2024-08-10,71.1,0,meta_acquisition
827,515,2023-04-14,157.76,0,organic
828,516,2023-09-28,62.47,0,meta_buyer_file
829,516,2024-01-28,216.35,0,organic
830,516,2024-02-14,202.48,0,email
831,517,2023-02-16,69.22,0,direct_mail
832,517,2023-11-17,176.8,0,email
833,517,2023-06-21,219.29,0,direct_mail
834,518,2023-04-27,213.4,0,paid_search_nonbrand
835,519,2024-05-04,158.55,0,email
836,519,2024-12-05,52.9,0,direct_mail
837,519,2024-06-29,131.53,0,email
838,519,2024-12-25,165.17,0,email
839,520,2023-07-05,181.35,0,meta_acquisition
840,521,2023-05-14,130.42,0,meta_buyer_file
841,521,2023-08-18,184.09,0,email
842,522,2024-06-21,145.91,0,email
843,523,2023-12-13,165.44,0,meta_buyer_file
844,523,2024-03-15,146.02,0,meta_buyer_file
845,523,2024-02-19,224.59,0,email
846,523,2024-01-14,181.55,0,direct_mail
847,524,2024-06-01,194.08,0,email
848,524,2024-09-21,93.0,0,organic
849,524,2024-07-13,151.52,0,email
850,525,2024-02-17,58.8,0,email
851,526,2023-04-01,123.24,0,email
852,527,2024-10-31,34.68,1,direct_mail
853,528,2023-04-04,213.55,0,email
854,529,2024-07-29,162.51,0,direct_mail
855,530,2023-08-17,103.1,0,email
856,531,2024-01-08,64.95,0,meta_acquisition
857,531,2024-05-07,222.57,0,organic
858,531,2024-06-26,154.84,0,email
859,532,2023-02-16,131.17,0,organic
860,533,2024-02-24,151.9,0,direct_mail
861,534,2024-02-07,189.3,0,direct_mail
862,534,2024-03-19,243.86,0,email
863,534,2024-09-21,236.19,0,direct_mail
864,535,2024-08-26,68.56,0,organic
865,536,2023-02-19,120.74,0,meta_buyer_file
866,537,2023-07-01,75.39,0,meta_acquisition
867,537,2023-12-31,173.36,0,organic
868,537,2023-12-07,233.91,0,meta_acquisition
869,537,2024-04-06,173.98,0,direct_mail
870,538,2023-10-08,105.0,0,paid_search_nonbrand
871,539,2023-05-22,167.5,0,paid_search_nonbrand
872,539,2023-11-08,229.36,0,direct_mail
873,539,2023-08-11,86.14,0,organic
874,539,2023-12-13,115.96,0,direct_mail
875,540,2024-10-27,76.12,0,organic
876,541,2023-04-29,143.4,0,email
877,542,2024-03-03,201.43,0,meta_acquisition
878,543,2024-03-08,40.94,1,email
879,543,2024-04-21,83.98,0,direct_mail
880,543,2024-06-19,190.35,0,direct_mail
881,543,2024-11-07,53.65,0,organic
882,544,2023-07-28,50.65,0,email
883,544,2024-03-03,163.61,0,direct_mail
884,544,2024-03-04,182.37,0,email
885,544,2023-10-26,152.4,0,organic
886,545,2023-02-18,112.82,0,organic
887,546,2023-11-17,54.42,0,organic
888,546,2024-07-16,89.62,0,organic
889,546,2024-06-27,169.44,0,direct_mail
890,547,2023-07-18,76.05,0,paid_search_brand
891,547,2024-02-21,153.05,0,paid_search_brand
892,548,2023-02-11,142.4,0,paid_search_nonbrand
893,549,2023-09-19,126.61,0,direct_mail
894,549,2024-03-19,51.19,0,organic
895,549,2024-02-21,213.78,0,organic
896,550,2023-03-16,100.63,0,email
897,550,2023-11-02,151.13,0,email
898,551,2024-07-10,61.09,0,meta_buyer_file
899,551,2024-11-01,119.38,0,direct_mail
900,552,2024-09-25,219.41,0,meta_buyer_file
901,553,2023-01-10,105.55,0,direct_mail
902,554,2024-09-28,51.98,0,paid_search_brand
903,555,2023-04-27,139.54,0,paid_search_nonbrand
904,556,2024-01-19,134.03,0,meta_buyer_file
905,556,2024-04-07,110.47,0,email
906,556,2024-10-17,61.11,0,email
907,556,2024-07-27,54.4,0,direct_mail
908,557,2024-03-10,80.98,0,email
909,558,2024-03-21,209.46,0,meta_acquisition
910,558,2024-10-20,112.98,0,email
911,558,2024-05-08,51.94,0,organic
912,559,2024-07-25,188.78,0,direct_mail
913,560,2024-02-19,47.96,0,paid_search_nonbrand
914,561,2024-10-18,56.07,0,meta_acquisition
915,562,2024-05-29,182.71,0,direct_mail
916,562,2024-10-03,126.92,0,email
917,562,2024-10-27,74.39,0,direct_mail
918,563,2023-05-20,184.43,0,email
919,563,2023-07-25,105.57,0,organic
920,563,2024-02-19,248.88,0,direct_mail
921,563,2023-07-20,49.19,0,email
922,564,2024-07-04,59.9,0,meta_buyer_file
923,565,2023-12-19,203.48,0,direct_mail
924,565,2024-03-14,175.71,0,organic
925,566,2023-07-18,162.42,0,direct_mail
926,566,2023-12-13,181.83,0,email
927,566,2023-10-30,187.77,0,organic
928,566,2023-09-11,83.43,0,direct_mail
929,567,2023-12-05,162.48,0,paid_search_nonbrand
930,567,2024-08-21,82.57,0,paid_search_nonbrand
931,568,2024-04-06,160.4,0,paid_search_nonbrand
932,568,2024-08-07,217.69,0,paid_search_nonbrand
933,568,2024-06-18,41.06,0,direct_mail
934,568,2024-11-23,88.74,0,paid_search_nonbrand
935,569,2023-10-11,68.5,0,email
936,570,2024-04-18,180.58,0,paid_search_nonbrand
937,570,2024-10-20,58.03,0,organic
938,570,2024-12-23,221.82,0,direct_mail
939,570,2024-07-24,201.38,0,email
940,571,2023-03-19,193.68,0,organic
941,572,2024-08-15,148.26,0,paid_search_nonbrand
942,573,2024-07-10,139.44,0,organic
943,573,2024-10-05,236.12,0,organic
944,573,2024-09-12,142.23,0,email
945,574,2024-02-11,46.85,0,paid_search_nonbrand
946,575,2024-09-20,177.51,0,meta_acquisition
947,576,2024-08-02,214.35,0,meta_acquisition
948,577,2024-01-03,178.26,0,direct_mail
949,577,2024-02-12,187.09,0,organic
950,578,2024-02-02,124.56,0,meta_buyer_file
951,579,2023-11-28,214.48,0,direct_mail
952,579,2024-03-04,167.3,0,direct_mail
953,579,2024-04-02,183.81,0,organic
954,579,2024-05-26,183.73,0,email
955,580,2024-06-13,215.22,0,paid_search_brand
956,581,2023-12-20,129.37,0,meta_buyer_file
957,582,2023-05-23,85.25,0,paid_search_nonbrand
958,582,2023-08-08,74.62,0,email
959,583,2023-08-24,102.79,0,paid_search_nonbrand
960,584,2024-05-05,73.22,0,direct_mail
961,584,2024-07-06,166.17,0,direct_mail
962,585,2023-05-18,51.86,0,meta_acquisition
963,585,2024-02-08,79.61,0,meta_acquisition
964,585,2023-11-17,253.23,0,email
965,586,2023-10-18,82.9,0,organic
966,587,2024-05-08,190.31,0,direct_mail
967,588,2023-07-06,134.39,0,meta_acquisition
968,589,2024-04-09,57.05,0,meta_acquisition
969,589,2024-06-29,155.0,0,meta_acquisition
970,590,2023-06-03,76.05,0,meta_acquisition
971,591,2024-06-28,65.57,0,meta_buyer_file
972,591,2024-12-13,222.05,0,meta_buyer_file
973,591,2024-12-08,132.55,0,email
974,592,2024-06-26,209.22,0,paid_search_nonbrand
975,593,2023-12-25,174.74,0,meta_acquisition
976,594,2023-04-11,89.54,0,paid_search_nonbrand
977,595,2023-03-27,198.43,0,paid_search_brand
978,595,2023-11-02,213.67,0,email
979,595,2023-09-06,41.58,0,direct_mail
980,595,2023-10-19,216.94,0,paid_search_brand
981,596,2024-01-06,119.56,0,direct_mail
982,596,2024-05-23,164.23,0,organic
983,596,2024-07-28,127.44,0,direct_mail
984,596,2024-05-20,161.46,0,direct_mail
985,597,2023-07-03,142.11,0,paid_search_nonbrand
986,597,2024-02-16,195.21,0,direct_mail
987,597,2024-03-07,230.04,0,email
988,598,2023-08-24,167.38,0,paid_search_nonbrand
989,598,2024-04-11,114.46,0,email
990,598,2023-11-03,125.6,0,email
991,599,2023-04-04,127.54,0,email
992,599,2023-06-29,121.58,0,email
993,599,2023-11-05,124.55,0,email
994,600,2024-09-20,95.13,0,meta_acquisition
995,601,2024-05-21,80.3,0,paid_search_nonbrand
996,602,2023-10-20,182.19,0,direct_mail
997,603,2024-09-21,51.31,0,direct_mail
998,603,2024-11-12,259.3,0,direct_mail
999,604,2023-12-28,115.95,0,meta_acquisition
1000,604,2024-02-13,242.22,0,organic
1001,604,2024-07-30,222.55,0,organic
1002,604,2024-04-24,251.92,0,organic
1003,605,2023-08-20,79.04,0,meta_acquisition
1004,606,2023-09-25,133.59,0,direct_mail
1005,606,2024-06-23,65.74,0,organic
1006,606,2024-06-05,158.34,0,organic
1007,607,2024-03-29,143.55,0,organic
1008,608,2024-04-14,201.89,0,meta_acquisition
1009,609,2023-09-22,155.89,0,direct_mail
1010,610,2023-08-24,117.17,0,email
1011,611,2023-09-27,61.28,0,paid_search_brand
1012,612,2023-03-19,76.24,0,meta_buyer_file
1013,612,2023-06-25,80.21,0,direct_mail
1014,612,2023-08-23,202.16,0,direct_mail
1015,612,2023-10-23,93.25,0,organic
1016,613,2023-07-31,191.11,0,paid_search_brand
1017,613,2023-09-29,242.44,0,paid_search_brand
1018,614,2024-09-20,194.99,0,direct_mail
1019,615,2024-01-16,131.16,0,meta_acquisition
1020,616,2023-10-09,217.27,0,meta_buyer_file
1021,616,2024-05-18,166.87,0,email
1022,617,2024-06-22,128.71,0,email
1023,618,2024-02-08,180.78,0,email
1024,618,2024-07-04,109.44,0,email
1025,618,2024-03-12,188.3,0,email
1026,618,2024-08-04,62.16,0,organic
1027,619,2024-09-19,77.75,0,email
1028,620,2024-01-10,119.19,0,direct_mail
1029,621,2024-01-09,93.94,0,email
1030,621,2024-08-01,90.28,0,email
1031,621,2024-08-10,99.39,0,direct_mail
1032,621,2024-06-29,135.09,0,email
1033,622,2023-07-20,212.85,0,direct_mail
1034,623,2023-06-30,68.53,0,paid_search_nonbrand
1035,624,2024-06-30,182.43,0,meta_acquisition
1036,625,2024-08-04,62.32,0,direct_mail
1037,626,2024-10-06,175.3,0,direct_mail
1038,627,2023-09-21,117.06,0,paid_search_nonbrand
1039,628,2024-09-12,145.78,0,direct_mail
1040,629,2023-11-29,130.31,0,meta_acquisition
1041,630,2024-01-26,126.16,0,meta_acquisition
1042,631,2024-10-17,104.04,0,email
1043,632,2023-03-15,105.13,0,direct_mail
1044,633,2023-10-01,114.2,0,meta_acquisition
1045,634,2024-01-07,136.16,0,email
1046,634,2024-03-09,200.11,0,organic
1047,635,2023-03-23,114.48,0,direct_mail
1048,636,2024-04-29,49.61,0,meta_buyer_file
1049,637,2023-03-27,153.17,0,direct_mail
1050,638,2024-02-04,88.29,0,paid_search_brand
1051,639,2023-05-15,22.46,1,meta_buyer_file
1052,639,2024-01-21,144.75,0,organic
1053,639,2023-11-01,137.87,0,direct_mail
1054,640,2024-08-28,155.43,0,meta_acquisition
1055,641,2024-06-20,138.41,0,meta_acquisition
1056,642,2023-08-21,122.33,0,email
1057,642,2023-09-22,40.02,0,direct_mail
1058,642,2023-12-17,103.09,0,email
1059,643,2024-05-18,38.55,1,organic
1060,644,2023-10-27,184.43,0,meta_acquisition
1061,644,2024-03-16,126.85,0,direct_mail
1062,644,2024-05-27,202.17,0,meta_acquisition
1063,644,2024-06-25,123.24,0,organic
1064,645,2023-03-23,86.92,0,paid_search_nonbrand
1065,646,2023-10-06,175.01,0,paid_search_brand
1066,647,2023-03-12,95.68,0,direct_mail
1067,648,2023-10-06,131.1,0,meta_acquisition
1068,648,2023-11-10,80.91,0,email
1069,648,2024-01-16,99.22,0,meta_acquisition
1070,648,2024-05-09,41.8,0,email
1071,649,2023-06-04,83.01,0,direct_mail
1072,650,2024-05-25,126.14,0,organic
1073,650,2024-07-08,98.63,0,organic
1074,651,2023-03-15,76.78,0,meta_buyer_file
1075,651,2023-11-12,42.78,0,direct_mail
1076,651,2023-07-21,209.67,0,meta_buyer_file
1077,652,2023-09-11,50.86,0,meta_acquisition
1078,653,2024-06-17,81.48,0,meta_acquisition
1079,654,2023-11-27,172.44,0,direct_mail
1080,654,2024-02-29,145.87,0,organic
1081,655,2023-07-23,54.12,0,paid_search_nonbrand
1082,656,2023-08-30,101.79,0,meta_acquisition
1083,656,2024-01-08,213.61,0,email
1084,657,2023-02-13,165.88,0,meta_acquisition
1085,657,2023-05-17,74.69,0,email
1086,658,2024-09-25,214.69,0,paid_search_nonbrand
1087,659,2023-06-07,183.51,0,meta_acquisition
1088,659,2024-01-24,181.82,0,organic
1089,659,2024-01-29,236.2,0,direct_mail
1090,659,2023-07-12,191.63,0,organic
1091,660,2023-05-18,51.91,0,paid_search_brand
1092,661,2024-07-09,78.21,0,meta_acquisition
1093,662,2024-04-24,190.49,0,paid_search_brand
1094,663,2023-03-12,123.64,0,meta_buyer_file
1095,664,2024-04-09,156.65,0,direct_mail
1096,664,2024-10-14,228.5,0,direct_mail
1097,665,2023-11-25,160.2,0,meta_acquisition
1098,666,2024-06-20,179.0,0,meta_acquisition
1099,667,2024-02-24,64.33,0,meta_acquisition
1100,667,2024-05-09,232.17,0,direct_mail
1101,668,2023-04-20,62.28,0,meta_buyer_file
1102,669,2024-05-16,167.73,0,meta_buyer_file
1103,669,2024-12-15,55.59,0,direct_mail
1104,669,2024-11-29,148.11,0,email
1105,669,2024-10-12,216.22,0,email
1106,670,2024-01-05,209.19,0,meta_buyer_file
1107,670,2024-02-18,221.2,0,organic
1108,670,2024-06-18,48.94,0,email
1109,670,2024-09-04,106.86,0,direct_mail
1110,671,2024-06-15,171.91,0,direct_mail
1111,671,2024-12-30,94.73,0,direct_mail
1112,671,2024-12-04,204.82,0,direct_mail
1113,672,2023-04-19,145.9,0,email
1114,673,2024-03-13,74.19,0,organic
1115,674,2023-12-12,138.43,0,meta_acquisition
1116,675,2023-11-19,219.45,0,meta_buyer_file
1117,675,2024-04-07,221.75,0,organic
1118,675,2024-05-22,92.96,0,direct_mail
1119,675,2024-03-24,208.46,0,organic
1120,676,2024-01-04,123.31,0,organic
1121,677,2023-10-19,135.58,0,meta_acquisition
1122,678,2023-11-04,82.59,0,organic
1123,679,2023-10-10,134.47,0,organic
1124,680,2023-04-07,107.24,0,direct_mail
1125,680,2023-07-09,91.26,0,organic
1126,680,2023-05-30,165.51,0,direct_mail
1127,680,2023-11-10,56.98,0,organic
1128,681,2024-05-09,189.5,0,direct_mail
1129,682,2023-04-08,97.57,0,meta_acquisition
1130,683,2023-03-22,206.33,0,email
1131,684,2024-03-20,196.87,0,paid_search_nonbrand
1132,684,2024-11-22,172.51,0,email
1133,684,2024-09-28,211.03,0,paid_search_nonbrand
1134,684,2024-05-02,107.05,0,email
1135,685,2023-11-23,71.18,0,meta_buyer_file
1136,685,2024-06-12,200.95,0,meta_buyer_file
1137,686,2024-04-01,145.67,0,email
1138,686,2024-06-07,69.08,0,email
1139,686,2024-08-30,165.72,0,email
1140,687,2024-07-15,59.89,0,paid_search_nonbrand
1141,688,2023-05-14,129.16,0,email
1142,688,2023-08-02,163.46,0,direct_mail
1143,688,2023-08-14,55.76,0,email
1144,688,2023-09-03,190.64,0,email
1145,689,2023-04-26,119.12,0,meta_acquisition
1146,690,2024-08-31,179.69,0,meta_acquisition
1147,691,2024-03-28,122.08,0,meta_acquisition
1148,691,2024-07-31,74.32,0,email
1149,691,2024-05-25,202.71,0,direct_mail
1150,691,2024-12-25,176.62,0,direct_mail
1151,692,2023-10-22,166.41,0,direct_mail
1152,692,2024-02-13,85.98,0,direct_mail
1153,693,2023-07-28,176.31,0,meta_buyer_file
1154,694,2023-05-25,161.95,0,meta_acquisition
1155,695,2024-06-23,74.81,0,direct_mail
1156,696,2024-09-24,126.37,0,paid_search_brand
1157,697,2024-01-04,48.34,0,email
1158,698,2023-08-25,133.99,0,organic
1159,699,2024-05-11,138.02,0,email
1160,700,2024-04-13,50.9,1,meta_buyer_file
1161,701,2023-11-09,113.84,0,paid_search_nonbrand
1162,702,2023-12-27,97.91,0,paid_search_nonbrand
1163,703,2023-10-10,154.51,0,email
1164,704,2023-01-31,211.1,0,organic
1165,704,2023-08-17,70.2,0,organic
1166,704,2023-07-13,251.33,0,direct_mail
1167,705,2024-03-03,71.73,0,paid_search_brand
1168,706,2023-12-04,68.06,0,paid_search_nonbrand
1169,707,2023-07-27,99.07,0,email
1170,708,2023-05-19,204.08,0,paid_search_nonbrand
1171,709,2024-08-01,100.56,0,organic
1172,710,2023-05-02,191.92,0,direct_mail
1173,710,2024-01-12,254.04,0,direct_mail
1174,710,2023-08-17,137.46,0,organic
1175,711,2023-06-05,63.69,0,email
1176,712,2024-09-18,150.98,0,meta_acquisition
1177,713,2023-08-25,107.87,0,meta_acquisition
1178,714,2024-05-29,127.03,0,email
1179,714,2024-10-31,144.25,0,direct_mail
1180,714,2024-08-16,89.78,0,email
1181,715,2023-01-16,211.28,0,organic
1182,716,2023-07-27,56.57,0,email
1183,717,2024-09-23,101.86,0,meta_buyer_file
1184,718,2023-02-12,189.26,0,meta_acquisition
1185,719,2024-08-08,136.92,0,meta_acquisition
1186,720,2024-06-17,124.96,0,direct_mail
1187,721,2023-09-09,114.23,0,meta_buyer_file
1188,722,2024-06-12,213.45,0,email
1189,723,2023-11-08,95.04,0,email
1190,723,2024-06-01,153.73,0,direct_mail
1191,724,2024-04-19,124.05,0,email
1192,725,2024-07-13,117.37,0,direct_mail
1193,726,2023-07-26,60.78,0,organic
1194,727,2023-06-17,66.62,0,meta_acquisition
1195,728,2024-01-07,168.77,0,direct_mail
1196,729,2024-09-18,111.27,0,organic
1197,730,2023-12-10,160.42,0,meta_buyer_file
1198,731,2023-07-03,53.98,0,email
1199,732,2024-04-01,76.62,0,paid_search_brand
1200,733,2023-01-04,89.29,0,meta_acquisition
1201,734,2024-07-10,151.4,0,email
1202,734,2024-12-08,139.82,0,email
1203,734,2024-08-29,172.27,0,email
1204,734,2024-10-10,234.08,0,organic
1205,735,2024-09-26,188.52,0,meta_acquisition
1206,736,2023-12-24,194.42,0,direct_mail
1207,737,2023-11-02,60.35,0,paid_search_nonbrand
1208,738,2023-06-15,151.94,0,meta_acquisition
1209,739,2024-07-29,124.68,0,direct_mail
1210,740,2023-04-06,101.49,0,email
1211,741,2024-03-13,56.36,0,email
1212,741,2024-07-05,155.95,0,direct_mail
1213,741,2024-10-07,85.99,0,email
1214,742,2023-04-22,216.39,0,meta_buyer_file
1215,742,2023-11-14,173.05,0,organic
1216,742,2023-09-08,173.95,0,organic
1217,742,2023-07-27,155.59,0,organic
1218,743,2023-05-13,131.87,0,meta_acquisition
1219,744,2023-07-04,85.73,0,organic
1220,744,2023-08-09,142.27,0,email
1221,745,2023-08-01,219.82,0,email
1222,745,2024-03-24,180.25,0,email
1223,745,2024-02-10,84.26,0,organic
1224,745,2023-11-04,213.84,0,organic
1225,746,2023-11-04,30.51,1,meta_buyer_file
1226,747,2023-12-16,144.56,0,paid_search_nonbrand
1227,748,2023-07-18,104.14,0,paid_search_nonbrand
1228,749,2023-02-06,129.26,0,meta_acquisition
1229,750,2024-07-03,125.93,0,organic
1230,751,2023-02-27,97.39,0,email
1231,751,2023-04-02,85.82,0,organic
1232,751,2023-10-19,241.56,0,organic
1233,751,2023-04-14,253.31,0,organic
1234,752,2023-02-01,110.67,0,paid_search_nonbrand
1235,752,2023-06-10,81.22,0,email
1236,752,2023-10-10,212.12,0,organic
1237,752,2023-08-30,228.72,0,email
1238,753,2023-10-06,131.98,0,paid_search_nonbrand
1239,754,2023-11-06,97.91,0,direct_mail
1240,755,2023-07-26,36.8,1,organic
1241,756,2024-05-27,104.52,0,direct_mail
1242,757,2023-11-14,70.08,0,email
1243,758,2024-06-12,68.23,0,meta_acquisition
1244,759,2024-06-18,99.42,0,direct_mail
1245,760,2023-03-31,200.61,0,paid_search_nonbrand
1246,761,2023-11-16,177.74,0,direct_mail
1247,761,2024-02-03,103.04,0,organic
1248,762,2024-03-27,92.71,0,meta_acquisition
1249,762,2024-09-16,153.09,0,direct_mail
1250,762,2024-09-11,117.07,0,organic
1251,762,2024-07-04,71.14,0,organic
1252,763,2024-08-10,57.47,0,paid_search_brand
1253,764,2024-03-30,50.07,0,direct_mail
1254,764,2024-05-12,58.95,0,direct_mail
1255,764,2024-06-13,195.03,0,direct_mail
1256,765,2024-09-23,103.16,0,paid_search_nonbrand
1257,766,2024-06-30,206.49,0,direct_mail
1258,767,2023-04-06,205.95,0,email
1259,768,2024-10-21,126.44,0,meta_acquisition
1260,769,2024-09-23,108.6,0,paid_search_brand
1261,770,2023-12-05,199.42,0,email
1262,770,2024-02-01,117.32,0,email
1263,770,2024-08-07,77.58,0,organic
1264,771,2024-09-10,133.89,0,meta_buyer_file
1265,772,2023-04-20,158.65,0,paid_search_nonbrand
1266,773,2024-02-15,86.75,0,meta_acquisition
1267,773,2024-06-22,54.53,0,direct_mail
1268,773,2024-10-10,192.69,0,meta_acquisition
1269,774,2024-03-21,104.89,0,meta_buyer_file
1270,774,2024-05-09,202.66,0,meta_buyer_file
1271,774,2024-05-19,170.28,0,meta_buyer_file
1272,774,2024-07-12,162.12,0,meta_buyer_file
1273,775,2023-06-30,116.01,0,paid_search_brand
1274,776,2024-09-02,111.31,0,email
1275,777,2023-04-03,69.31,0,direct_mail
1276,778,2023-01-01,160.65,0,email
1277,778,2023-06-27,138.38,0,direct_mail
1278,778,2023-07-24,233.03,0,organic
1279,778,2023-06-25,214.76,0,organic
1280,779,2024-03-21,205.15,0,meta_acquisition
1281,780,2024-09-18,115.73,0,organic
1282,781,2024-01-14,64.31,1,organic
1283,782,2024-01-03,28.32,1,direct_mail
1284,782,2024-05-12,177.55,0,direct_mail
1285,782,2024-05-15,123.94,0,direct_mail
1286,782,2024-07-20,78.15,0,direct_mail
1287,783,2023-07-12,192.58,0,meta_buyer_file
1288,783,2024-03-21,187.41,0,direct_mail
1289,783,2023-08-13,55.78,0,email
1290,784,2023-05-28,130.17,0,meta_acquisition
1291,785,2023-03-28,186.04,0,direct_mail
1292,786,2024-09-10,154.07,0,organic
1293,787,2024-04-05,84.5,0,paid_search_nonbrand
1294,787,2024-12-07,200.8,0,organic
1295,787,2024-08-18,243.84,0,organic
1296,788,2023-02-04,144.43,0,organic
1297,788,2023-11-07,191.91,0,direct_mail
1298,788,2023-09-08,200.88,0,organic
1299,789,2024-04-21,136.59,0,meta_buyer_file
1300,789,2024-11-26,186.02,0,email
1301,789,2024-11-12,179.41,0,organic
1302,789,2024-10-24,51.61,0,organic
1303,790,2024-07-01,127.05,0,email
1304,791,2023-12-06,213.1,0,paid_search_nonbrand
1305,791,2024-06-30,243.03,0,organic
1306,792,2024-07-31,155.13,0,paid_search_brand
1307,793,2023-10-26,154.26,0,email
1308,793,2023-12-14,227.32,0,organic
1309,793,2024-01-28,69.16,0,organic
1310,793,2024-02-03,228.73,0,email
1311,794,2023-04-25,204.27,0,meta_acquisition
1312,795,2024-01-14,90.72,0,email
1313,796,2024-06-24,105.0,0,email
1314,797,2024-05-22,117.27,0,email
1315,798,2024-10-14,146.11,0,direct_mail
1316,799,2023-04-29,126.2,0,direct_mail
1317,799,2023-07-27,123.56,0,direct_mail
1318,799,2023-09-27,97.78,0,direct_mail
1319,799,2023-06-01,103.53,0,direct_mail
1320,800,2024-01-27,213.31,0,meta_acquisition
1321,800,2024-08-07,117.84,0,meta_acquisition
1322,800,2024-07-31,241.97,0,organic
1323,800,2024-05-21,99.47,0,email
1324,801,2023-09-19,113.45,0,meta_acquisition
1325,802,2024-08-25,135.99,0,email
1326,803,2023-11-17,162.74,0,meta_buyer_file
1327,803,2024-04-29,62.86,0,meta_buyer_file
1328,804,2023-12-26,94.58,0,direct_mail
1329,804,2024-02-08,246.47,0,direct_mail
1330,805,2024-09-05,168.91,0,meta_acquisition
1331,806,2023-05-14,178.68,0,paid_search_nonbrand
1332,807,2023-07-09,166.74,0,organic
1333,808,2023-03-19,206.47,0,meta_acquisition
1334,809,2023-11-28,181.63,0,paid_search_brand
1335,809,2024-03-22,259.11,0,organic
1336,809,2024-08-28,218.82,0,direct_mail
1337,810,2024-03-27,216.4,0,direct_mail
1338,810,2024-08-29,63.85,0,direct_mail
1339,810,2024-06-20,175.07,0,email
1340,810,2024-12-15,137.15,0,organic
1341,811,2023-04-16,57.32,0,direct_mail
1342,812,2023-01-20,71.05,0,organic
1343,813,2024-02-04,167.51,0,paid_search_brand
1344,814,2024-06-11,179.92,0,meta_acquisition
1345,815,2023-03-13,45.58,0,meta_buyer_file
1346,816,2024-05-08,138.68,0,direct_mail
1347,816,2024-09-17,52.14,0,email
1348,816,2024-09-08,157.62,0,organic
1349,817,2023-03-24,178.08,0,email
1350,817,2023-05-03,252.85,0,direct_mail
1351,817,2023-07-08,193.09,0,email
1352,817,2023-10-01,191.55,0,email
1353,818,2023-03-28,121.65,0,organic
1354,818,2023-10-28,259.2,0,direct_mail
1355,819,2024-05-15,183.73,0,paid_search_nonbrand
1356,820,2024-04-05,47.87,0,organic
1357,820,2024-05-15,129.21,0,direct_mail
1358,820,2024-11-27,183.85,0,organic
1359,820,2024-12-31,189.18,0,direct_mail
1360,821,2024-08-16,57.61,0,paid_search_brand
1361,822,2023-01-20,205.65,0,meta_buyer_file
1362,823,2023-05-14,155.72,0,direct_mail
1363,824,2023-04-10,74.87,0,paid_search_nonbrand
1364,825,2023-04-19,149.12,0,direct_mail
1365,825,2023-09-05,114.22,0,direct_mail
1366,826,2023-11-29,164.72,0,direct_mail
1367,826,2024-07-11,50.03,0,direct_mail
1368,827,2023-12-10,92.93,0,direct_mail
1369,827,2024-05-29,76.3,0,direct_mail
1370,827,2024-09-01,168.04,0,direct_mail
1371,828,2023-04-13,155.63,0,email
1372,828,2023-06-02,41.4,0,direct_mail
1373,828,2024-01-05,59.61,0,organic
1374,829,2024-03-02,183.64,0,meta_acquisition
1375,829,2024-09-11,99.61,0,meta_acquisition
1376,830,2024-02-26,75.55,0,paid_search_brand
1377,831,2024-05-26,60.4,0,meta_acquisition
1378,832,2024-03-04,86.24,0,direct_mail
1379,832,2024-09-08,119.62,0,direct_mail
1380,833,2024-04-20,160.38,0,email
1381,833,2024-11-11,225.63,0,email
1382,834,2024-05-24,162.27,0,direct_mail
1383,835,2023-10-19,88.99,0,direct_mail
1384,836,2024-04-09,174.57,0,direct_mail
1385,836,2024-09-10,153.28,0,email
1386,837,2023-08-29,148.72,0,meta_acquisition
1387,837,2024-05-14,111.65,0,email
1388,837,2023-12-20,90.11,0,direct_mail
1389,837,2024-04-03,130.77,0,direct_mail
1390,838,2024-01-20,57.87,0,organic
1391,838,2024-03-27,87.56,0,organic
1392,838,2024-04-04,125.21,0,direct_mail
1393,839,2024-04-13,155.6,0,meta_acquisition
1394,839,2024-05-21,192.29,0,email
1395,840,2023-10-15,194.04,0,direct_mail
1396,840,2024-01-09,235.01,0,direct_mail
1397,840,2024-06-03,214.8,0,direct_mail
1398,841,2024-08-14,194.63,0,organic
1399,842,2024-05-15,82.88,0,email
1400,843,2023-01-15,173.83,0,meta_acquisition
1401,844,2024-08-16,207.31,0,paid_search_brand
1402,845,2023-01-06,52.74,0,paid_search_nonbrand
1403,846,2024-05-31,137.95,0,direct_mail
1404,847,2023-04-11,87.09,0,paid_search_nonbrand
1405,847,2023-08-23,248.99,0,direct_mail
1406,847,2023-08-10,105.07,0,email
1407,847,2023-05-15,145.55,0,organic
1408,848,2023-06-15,195.14,0,meta_acquisition
1409,848,2023-11-10,209.8,0,meta_acquisition
1410,848,2023-08-31,213.77,0,organic
1411,849,2024-10-03,155.85,0,meta_buyer_file
1412,850,2024-06-27,119.53,0,direct_mail
1413,851,2024-07-09,81.25,0,meta_buyer_file
1414,852,2023-12-10,54.59,0,meta_acquisition
1415,853,2023-02-22,108.98,0,direct_mail
1416,853,2023-09-05,162.93,0,email
1417,854,2024-07-28,80.82,0,meta_acquisition
1418,855,2023-04-27,174.04,0,meta_acquisition
1419,856,2023-08-03,178.16,0,email
1420,857,2024-05-30,93.5,0,meta_acquisition
1421,858,2024-05-12,190.17,0,meta_buyer_file
1422,859,2024-06-29,124.1,0,organic
1423,860,2023-03-09,199.7,0,direct_mail
1424,860,2023-06-20,250.82,0,email
1425,861,2023-04-22,64.6,0,direct_mail
1426,861,2023-10-02,249.46,0,email
1427,862,2023-10-28,164.42,0,paid_search_nonbrand
1428,863,2024-03-06,157.82,0,paid_search_nonbrand
1429,863,2024-11-04,248.44,0,organic
1430,864,2024-02-26,159.76,0,meta_buyer_file
1431,865,2024-06-26,122.92,0,email
1432,865,2024-09-07,213.64,0,direct_mail
1433,865,2024-11-26,121.82,0,organic
1434,866,2023-02-18,94.77,0,direct_mail
1435,867,2023-06-14,94.92,0,meta_acquisition
1436,868,2023-06-07,65.46,0,direct_mail
1437,869,2024-03-27,77.29,0,paid_search_brand
1438,870,2023-12-19,123.48,0,direct_mail
1439,870,2024-09-09,45.48,0,direct_mail
1440,871,2023-05-29,207.37,0,organic
1441,872,2024-07-13,102.97,0,organic
1442,873,2023-10-24,176.98,0,organic
1443,874,2024-08-01,206.4,0,meta_acquisition
1444,875,2023-02-11,141.42,0,direct_mail
1445,875,2023-07-05,118.63,0,organic
1446,876,2023-02-26,79.15,0,meta_acquisition
1447,877,2023-10-12,59.63,0,direct_mail
1448,878,2023-03-31,114.02,0,organic
1449,879,2024-06-07,203.98,0,organic
1450,879,2024-10-09,124.94,0,email
1451,879,2024-09-17,115.88,0,organic
1452,880,2024-04-01,60.33,0,email
1453,880,2024-11-22,137.35,0,direct_mail
1454,880,2024-11-23,200.16,0,email
1455,881,2024-02-29,147.76,0,direct_mail
1456,881,2024-11-07,155.57,0,organic
1457,881,2024-04-15,245.29,0,direct_mail
1458,882,2023-04-01,156.79,0,direct_mail
1459,882,2023-10-29,164.94,0,direct_mail
1460,882,2023-06-21,80.92,0,direct_mail
1461,883,2023-10-24,52.39,0,meta_buyer_file
1462,884,2023-11-08,174.47,0,meta_buyer_file
1463,885,2023-06-07,212.3,0,paid_search_brand
1464,886,2024-10-31,95.35,0,meta_acquisition
1465,887,2024-10-22,65.89,0,paid_search_brand
1466,888,2023-03-10,108.31,0,meta_acquisition
1467,889,2023-09-22,128.31,0,meta_acquisition
1468,889,2024-04-26,166.56,0,organic
1469,889,2023-12-02,167.96,0,direct_mail
1470,889,2024-01-11,141.43,0,direct_mail
1471,890,2024-01-01,92.72,0,direct_mail
1472,891,2023-12-31,96.04,0,direct_mail
1473,891,2024-08-13,178.17,0,email
1474,892,2024-09-05,140.15,0,email
1475,893,2023-11-05,167.14,0,paid_search_brand
1476,894,2023-12-27,47.26,0,email
1477,894,2024-05-10,114.87,0,direct_mail
1478,894,2024-02-21,87.93,0,direct_mail
1479,895,2023-07-12,142.76,0,email
1480,896,2024-06-28,167.9,0,meta_acquisition
1481,897,2023-03-20,20.39,1,direct_mail
1482,897,2023-07-20,70.58,0,direct_mail
1483,897,2023-12-02,257.27,0,organic
1484,897,2023-06-02,196.18,0,email
1485,898,2023-05-02,194.94,0,paid_search_brand
1486,898,2023-07-24,68.65,0,email
1487,899,2024-03-11,182.21,0,meta_acquisition
1488,900,2024-03-17,63.87,0,direct_mail
1489,900,2024-08-14,66.16,0,organic
1490,901,2023-02-14,161.83,0,direct_mail
1491,902,2024-09-08,202.71,0,direct_mail
1492,902,2024-11-14,226.09,0,organic
1493,903,2024-08-16,73.1,0,paid_search_nonbrand
1494,904,2023-09-05,56.96,0,meta_buyer_file
1495,905,2024-06-25,78.52,0,direct_mail
1496,906,2024-07-04,171.94,0,direct_mail
1497,907,2024-05-01,148.14,0,paid_search_nonbrand
1498,908,2023-07-05,216.73,0,email
1499,909,2024-02-22,217.31,0,direct_mail
1500,909,2024-07-27,207.7,0,organic
1501,910,2024-07-24,59.39,0,meta_acquisition
1502,911,2024-04-12,99.6,0,meta_acquisition
1503,912,2024-07-21,217.37,0,paid_search_nonbrand
1504,913,2024-05-02,32.79,1,organic
1505,914,2023-04-18,136.47,0,paid_search_nonbrand
1506,914,2023-08-28,192.91,0,email
1507,914,2023-11-23,243.56,0,direct_mail
1508,915,2023-03-08,79.84,0,paid_search_nonbrand
1509,916,2024-02-18,191.67,0,direct_mail
1510,916,2024-10-01,168.02,0,organic
1511,916,2024-09-28,213.69,0,direct_mail
1512,916,2024-06-18,144.68,0,direct_mail
1513,917,2024-05-11,70.79,0,meta_buyer_file
1514,917,2024-10-15,90.78,0,direct_mail
1515,917,2024-06-17,61.91,0,email
1516,918,2023-03-11,49.68,0,meta_buyer_file
1517,919,2023-12-01,153.84,0,direct_mail
1518,919,2024-07-14,148.28,0,direct_mail
1519,919,2024-02-20,104.58,0,direct_mail
1520,919,2024-05-04,151.05,0,organic
1521,920,2024-07-07,63.51,1,meta_buyer_file
1522,921,2023-05-02,100.05,0,paid_search_nonbrand
1523,922,2023-02-03,160.4,0,direct_mail
1524,923,2023-06-18,68.54,0,meta_buyer_file
1525,924,2023-04-23,130.85,0,meta_buyer_file
1526,925,2024-04-26,194.51,0,meta_buyer_file
1527,925,2024-10-24,253.59,0,organic
1528,925,2024-12-08,255.11,0,organic
1529,926,2023-03-04,52.9,0,direct_mail
1530,926,2023-08-30,45.92,0,organic
1531,926,2023-07-09,61.42,0,organic
1532,926,2023-07-03,130.62,0,email
1533,927,2023-09-08,158.41,0,paid_search_brand
1534,928,2023-03-09,65.03,0,email
1535,929,2023-02-08,196.09,0,meta_buyer_file
1536,930,2023-10-01,38.16,1,direct_mail
1537,930,2024-02-07,110.93,0,email
1538,930,2024-05-24,147.44,0,direct_mail
1539,930,2024-01-25,149.28,0,organic
1540,931,2023-06-20,108.58,0,meta_acquisition
1541,932,2023-03-19,138.77,0,email
1542,932,2023-07-29,217.01,0,email
1543,932,2023-10-18,225.72,0,email
1544,932,2023-09-16,114.1,0,email
1545,933,2024-08-03,128.17,0,email
1546,934,2024-10-29,133.31,0,email
1547,935,2023-11-17,115.4,0,direct_mail
1548,935,2024-02-01,233.8,0,direct_mail
1549,935,2024-05-12,149.82,0,direct_mail
1550,935,2024-02-23,246.18,0,direct_mail
1551,936,2024-08-02,55.48,0,meta_acquisition
1552,937,2023-09-04,164.93,0,direct_mail
1553,937,2024-05-11,222.65,0,email
1554,937,2024-03-14,84.78,0,direct_mail
1555,938,2023-10-01,158.06,0,email
1556,939,2024-02-20,21.37,1,paid_search_brand
1557,940,2023-11-14,142.97,0,meta_buyer_file
1558,941,2023-02-07,27.82,1,direct_mail
1559,942,2023-10-12,75.8,0,meta_acquisition
1560,943,2024-05-12,54.68,0,email
1561,944,2023-03-07,116.23,0,organic
1562,945,2023-04-03,191.97,0,paid_search_nonbrand
1563,945,2023-11-07,150.05,0,email
1564,945,2023-09-13,186.13,0,organic
1565,945,2023-09-07,234.6,0,direct_mail
1566,946,2024-09-06,186.17,0,direct_mail
1567,947,2024-02-04,175.19,0,email
1568,947,2024-04-18,87.1,0,organic
1569,948,2024-03-26,196.01,0,paid_search_nonbrand
1570,949,2023-04-26,119.16,0,paid_search_brand
1571,950,2023-05-29,170.24,0,paid_search_nonbrand
1572,950,2023-07-06,225.12,0,email
1573,950,2023-12-21,241.84,0,direct_mail
1574,950,2023-08-31,161.6,0,organic
1575,951,2024-10-16,108.5,0,organic
1576,952,2024-03-29,204.21,0,paid_search_nonbrand
1577,953,2023-09-19,208.86,0,paid_search_brand
1578,953,2024-06-09,136.55,0,organic
1579,954,2024-10-21,50.93,0,paid_search_nonbrand
1580,955,2024-05-18,117.27,0,meta_buyer_file
1581,956,2023-04-13,167.23,0,email
1582,956,2023-11-15,218.95,0,organic
1583,956,2023-09-06,192.95,0,email
1584,956,2023-10-24,181.15,0,email
1585,957,2024-10-18,115.12,0,direct_mail
1586,957,2024-12-15,74.72,0,direct_mail
1587,958,2024-08-31,183.71,0,meta_acquisition
1588,959,2023-05-17,165.31,0,paid_search_brand
1589,960,2023-07-23,109.33,0,direct_mail
1590,960,2023-10-18,44.56,0,email
1591,960,2024-04-14,162.88,0,direct_mail
1592,960,2024-04-10,59.57,0,direct_mail
1593,961,2023-07-23,194.07,0,paid_search_brand
1594,962,2024-09-06,60.59,0,paid_search_brand
1595,963,2023-05-01,137.02,0,direct_mail
1596,964,2024-05-21,169.87,0,direct_mail
1597,965,2023-09-30,131.48,0,paid_search_brand
1598,966,2024-09-06,189.22,0,direct_mail
1599,967,2023-05-30,215.82,0,direct_mail
1600,967,2023-10-01,168.24,0,direct_mail
1601,968,2023-03-29,68.31,0,direct_mail
1602,969,2023-08-06,168.98,0,meta_acquisition
1603,969,2024-01-25,52.93,0,organic
1604,970,2023-08-29,107.0,0,meta_buyer_file
1605,971,2024-09-04,56.02,1,meta_acquisition
1606,972,2024-01-26,114.07,0,paid_search_brand
1607,973,2024-07-26,76.39,0,direct_mail
1608,974,2023-12-14,68.09,0,email
1609,975,2023-05-26,99.82,0,paid_search_brand
1610,976,2023-10-15,207.09,0,email
1611,977,2024-09-19,207.18,0,email
1612,978,2023-06-18,219.05,0,paid_search_brand
1613,978,2023-12-27,215.61,0,email
1614,978,2023-09-04,72.7,0,direct_mail
1615,978,2023-09-02,47.89,0,organic
1616,979,2023-06-17,121.38,0,meta_acquisition
1617,980,2023-02-11,218.04,0,paid_search_nonbrand
1618,981,2023-04-26,196.7,0,email
1619,981,2023-07-11,223.69,0,organic
1620,981,2023-10-17,236.0,0,direct_mail
1621,982,2024-08-20,45.72,0,organic
1622,982,2024-11-21,209.02,0,email
1623,983,2023-12-03,164.23,0,direct_mail
1624,983,2024-08-26,249.27,0,organic
1625,983,2024-02-10,46.35,0,direct_mail
1626,983,2024-08-01,195.7,0,direct_mail
1627,984,2024-04-09,92.13,0,meta_acquisition
1628,985,2023-02-14,211.41,0,meta_acquisition
1629,986,2024-08-05,196.07,0,direct_mail
1630,987,2023-03-14,150.4,0,meta_buyer_file
1631,987,2023-12-16,209.59,0,meta_buyer_file
1632,988,2023-04-02,81.44,0,direct_mail
1633,988,2023-11-10,249.98,0,direct_mail
1634,988,2023-06-01,105.68,0,direct_mail
1635,988,2023-11-06,217.4,0,organic
1636,989,2024-09-09,161.47,0,direct_mail
1637,990,2024-05-16,112.92,0,paid_search_nonbrand
1638,991,2023-04-03,186.92,0,email
1639,991,2023-05-26,48.9,0,organic
1640,991,2024-01-07,141.98,0,direct_mail
1641,992,2024-10-25,72.14,0,meta_acquisition
1642,993,2024-06-21,126.94,0,direct_mail
1643,994,2023-11-04,67.36,0,direct_mail
1644,995,2024-06-19,144.49,0,paid_search_nonbrand
1645,996,2024-06-09,119.36,0,direct_mail
1646,997,2024-08-05,107.21,0,email
1647,998,2023-01-17,160.78,0,direct_mail
1648,998,2023-02-27,58.32,0,organic
1649,998,2023-05-07,169.19,0,direct_mail
1650,999,2024-04-05,91.39,0,meta_acquisition
1651,1000,2023-07-11,58.69,0,direct_mail
1652,1000,2023-09-06,135.44,0,email
1653,1000,2023-08-11,126.89,0,email
1654,1000,2023-09-22,184.28,0,direct_mail
1655,1001,2024-02-19,214.02,0,email
1656,1002,2024-09-25,152.93,0,email
1657,1003,2024-02-09,60.34,0,email
1658,1003,2024-09-04,253.51,0,email
1659,1004,2023-08-03,70.4,0,meta_buyer_file
1660,1005,2024-07-05,97.66,0,direct_mail
1661,1006,2023-01-23,202.92,0,direct_mail
1662,1006,2023-06-22,44.32,0,direct_mail
1663,1006,2023-07-21,93.38,0,organic
1664,1007,2024-08-06,113.55,0,email
1665,1007,2024-12-24,255.49,0,email
1666,1008,2024-08-15,142.0,0,meta_acquisition
1667,1009,2024-05-12,171.81,0,meta_buyer_file
1668,1010,2024-05-14,16.69,1,paid_search_brand
1669,1011,2024-07-20,201.25,0,direct_mail
1670,1012,2024-05-21,158.08,0,meta_acquisition
1671,1013,2023-06-15,78.64,0,paid_search_brand
1672,1013,2023-12-12,240.0,0,organic
1673,1014,2024-09-08,170.16,0,email
1674,1015,2024-02-04,190.79,0,organic
1675,1016,2024-04-28,192.79,0,email
1676,1016,2024-06-19,186.75,0,direct_mail
1677,1016,2024-07-11,83.89,0,email
1678,1016,2024-06-22,214.57,0,email
1679,1017,2023-11-07,142.45,0,paid_search_brand
1680,1017,2024-03-07,188.92,0,direct_mail
1681,1017,2024-07-05,229.08,0,email
1682,1018,2023-03-07,64.94,0,paid_search_nonbrand
1683,1019,2024-05-13,104.56,0,paid_search_brand
1684,1019,2024-08-19,237.19,0,email
1685,1019,2024-12-09,51.09,0,paid_search_brand
1686,1020,2024-04-13,177.26,0,organic
1687,1021,2024-09-16,210.79,0,email
1688,1021,2024-11-27,178.58,0,direct_mail
1689,1022,2024-01-06,96.12,0,direct_mail
1690,1022,2024-09-14,61.84,0,organic
1691,1022,2024-04-30,220.22,0,email
1692,1022,2024-09-09,84.42,0,direct_mail
1693,1023,2023-01-07,186.6,0,paid_search_brand
1694,1024,2023-03-29,170.16,0,paid_search_brand
1695,1025,2023-09-09,176.86,0,direct_mail
1696,1025,2024-01-22,241.96,0,direct_mail
1697,1025,2024-06-08,227.53,0,organic
1698,1026,2023-01-31,179.78,0,paid_search_nonbrand
1699,1027,2023-03-13,100.09,0,direct_mail
1700,1027,2023-07-21,207.02,0,direct_mail
1701,1028,2024-08-11,155.53,0,direct_mail
1702,1029,2024-06-16,118.38,0,organic
1703,1030,2023-11-08,99.9,0,meta_acquisition
1704,1031,2024-06-24,70.7,0,meta_acquisition
1705,1032,2024-07-11,153.18,0,meta_acquisition
1706,1033,2024-10-26,79.53,0,paid_search_nonbrand
1707,1034,2023-05-10,139.64,0,meta_buyer_file
1708,1035,2023-11-16,177.48,0,meta_buyer_file
1709,1035,2024-05-15,96.91,0,organic
1710,1035,2024-06-18,133.0,0,email
1711,1035,2024-06-20,53.19,0,organic
1712,1036,2023-09-23,107.03,0,meta_acquisition
1713,1037,2023-05-08,43.55,1,paid_search_nonbrand
1714,1038,2023-08-30,218.08,0,email
1715,1039,2024-10-04,192.79,0,meta_acquisition
1716,1040,2024-08-09,170.01,0,meta_acquisition
1717,1041,2023-12-02,78.7,0,meta_buyer_file
1718,1041,2024-07-01,133.65,0,meta_buyer_file
1719,1042,2023-03-25,119.36,0,direct_mail
1720,1042,2023-07-27,188.9,0,direct_mail
1721,1043,2024-08-25,181.29,0,meta_buyer_file
1722,1044,2024-10-13,122.01,0,paid_search_nonbrand
1723,1045,2024-03-02,70.26,0,email
1724,1046,2023-05-13,134.81,0,organic
1725,1047,2024-04-11,175.64,0,meta_buyer_file
1726,1047,2024-10-12,227.51,0,email
1727,1048,2023-05-04,95.68,0,paid_search_nonbrand
1728,1048,2023-09-06,106.72,0,paid_search_nonbrand
1729,1048,2023-06-10,214.06,0,direct_mail
1730,1049,2024-08-26,208.94,0,paid_search_nonbrand
1731,1050,2023-07-07,130.54,0,email
1732,1050,2023-11-20,145.86,0,organic
1733,1051,2024-08-02,104.12,0,paid_search_nonbrand
1734,1052,2024-09-12,69.24,0,direct_mail
1735,1053,2024-04-04,172.38,0,direct_mail
1736,1054,2024-09-30,85.74,0,paid_search_nonbrand
1737,1055,2024-03-29,158.04,0,meta_acquisition
1738,1056,2024-08-08,180.03,0,meta_acquisition
1739,1057,2024-10-21,78.67,0,meta_buyer_file
1740,1058,2023-02-24,136.31,0,organic
1741,1059,2023-01-20,208.83,0,direct_mail
1742,1059,2023-04-22,222.53,0,direct_mail
1743,1060,2023-03-28,151.2,0,email
1744,1060,2023-07-23,136.14,0,email
1745,1061,2023-01-25,100.54,0,email
1746,1061,2023-07-12,76.99,0,direct_mail
1747,1062,2023-07-07,60.68,0,paid_search_brand
1748,1063,2023-06-23,213.2,0,direct_mail
1749,1064,2023-11-02,101.01,0,paid_search_nonbrand
1750,1065,2024-01-20,202.41,0,organic
1751,1065,2024-07-18,92.03,0,organic
1752,1065,2024-10-19,65.32,0,email
1753,1065,2024-05-10,142.26,0,organic
1754,1066,2023-03-09,116.31,0,meta_buyer_file
1755,1067,2023-10-03,147.58,0,meta_buyer_file
1756,1068,2024-10-29,98.31,0,email
1757,1069,2023-07-28,69.91,0,email
1758,1069,2024-01-11,249.57,0,email
1759,1070,2023-02-12,126.31,0,direct_mail
1760,1070,2023-03-14,53.24,0,direct_mail
1761,1071,2023-10-07,191.91,0,meta_acquisition
1762,1072,2024-10-09,192.12,0,direct_mail
1763,1073,2023-03-13,114.18,0,paid_search_brand
1764,1073,2023-06-22,233.22,0,direct_mail
1765,1073,2023-09-15,151.06,0,organic
1766,1073,2023-11-24,190.06,0,organic
1767,1074,2024-10-12,176.72,0,paid_search_brand
1768,1075,2023-08-04,44.97,1,paid_search_nonbrand
1769,1076,2024-10-23,45.46,1,organic
1770,1077,2024-07-23,168.08,0,organic
1771,1078,2024-10-26,139.26,0,meta_acquisition
1772,1079,2024-03-31,106.77,0,meta_acquisition
1773,1080,2024-01-02,191.85,0,paid_search_nonbrand
1774,1081,2023-05-08,208.84,0,meta_buyer_file
1775,1081,2023-12-18,101.85,0,organic
1776,1082,2023-07-16,152.35,0,direct_mail
1777,1083,2023-08-28,64.28,1,organic
1778,1084,2024-09-12,79.32,0,direct_mail
1779,1085,2024-05-27,141.56,0,meta_buyer_file
1780,1086,2024-09-09,56.44,0,meta_buyer_file
1781,1087,2024-08-06,199.18,0,email
1782,1087,2024-09-10,258.23,0,organic
1783,1088,2024-07-27,45.34,0,organic
1784,1089,2024-10-27,209.28,0,direct_mail
1785,1090,2023-10-08,135.7,0,direct_mail
1786,1090,2024-06-20,198.67,0,email
1787,1091,2023-10-12,138.17,0,organic
1788,1092,2023-12-09,43.52,1,direct_mail
1789,1093,2024-03-09,205.47,0,organic
1790,1093,2024-09-15,177.56,0,email
1791,1094,2024-05-06,49.2,0,paid_search_nonbrand
1792,1095,2023-09-14,127.88,0,paid_search_brand
1793,1096,2023-12-08,86.43,0,meta_buyer_file
1794,1097,2024-03-25,154.44,0,email
1795,1097,2024-12-14,47.34,0,organic
1796,1098,2023-03-08,55.85,0,email
1797,1098,2023-09-14,135.0,0,email
1798,1098,2023-09-27,52.27,0,email
1799,1098,2023-06-21,226.98,0,email
1800,1099,2023-04-09,116.94,0,meta_acquisition
1801,1100,2024-09-30,112.19,0,direct_mail
1802,1101,2024-09-26,158.91,0,direct_mail
1803,1102,2024-08-24,62.97,0,direct_mail
1804,1103,2024-08-09,134.06,0,direct_mail
1805,1104,2024-09-27,87.55,0,paid_search_nonbrand
1806,1105,2024-03-22,159.05,0,meta_buyer_file
1807,1106,2024-07-08,70.8,0,email
1808,1107,2024-01-13,135.59,0,organic
1809,1107,2024-06-20,220.22,0,email
1810,1108,2024-03-08,215.89,0,paid_search_nonbrand
1811,1108,2024-07-03,81.66,0,paid_search_nonbrand
1812,1109,2024-04-23,102.95,0,meta_acquisition
1813,1110,2024-09-22,102.51,0,paid_search_brand
1814,1111,2023-02-13,205.99,0,meta_buyer_file
1815,1112,2024-04-22,86.83,0,meta_acquisition
1816,1113,2023-12-06,110.78,0,email
1817,1114,2023-01-07,17.37,1,paid_search_nonbrand
1818,1114,2023-05-29,82.77,0,organic
1819,1114,2023-02-17,254.57,0,direct_mail
1820,1115,2023-07-22,83.32,0,paid_search_brand
1821,1115,2023-10-22,79.28,0,email
1822,1115,2023-10-05,225.43,0,email
1823,1115,2023-08-26,222.92,0,direct_mail
1824,1116,2024-01-24,199.88,0,meta_acquisition
1825,1116,2024-04-24,121.32,0,organic
1826,1116,2024-08-10,77.7,0,meta_acquisition
1827,1117,2023-03-08,199.48,0,direct_mail
1828,1117,2023-07-12,192.76,0,organic
1829,1117,2023-09-07,134.5,0,direct_mail
1830,1117,2023-11-28,50.16,0,direct_mail
1831,1118,2024-07-02,71.0,0,paid_search_brand
1832,1119,2023-10-14,194.01,0,email
1833,1120,2023-08-03,182.32,0,meta_acquisition
1834,1121,2023-06-21,176.48,0,meta_buyer_file
1835,1122,2024-05-25,76.32,0,meta_buyer_file
1836,1123,2024-05-09,131.59,0,meta_acquisition
1837,1124,2024-08-20,81.26,0,meta_acquisition
1838,1125,2023-08-29,98.55,0,paid_search_nonbrand
1839,1126,2024-01-19,59.83,0,paid_search_brand
1840,1126,2024-05-18,90.64,0,email
1841,1126,2024-06-16,152.7,0,organic
1842,1126,2024-06-06,139.25,0,paid_search_brand
1843,1127,2024-02-23,132.07,0,paid_search_nonbrand
1844,1127,2024-05-22,98.44,0,email
1845,1127,2024-06-23,238.32,0,organic
1846,1128,2024-05-28,157.64,0,meta_buyer_file
1847,1129,2023-04-11,108.04,0,direct_mail
1848,1129,2023-08-03,95.01,0,organic
1849,1129,2023-06-28,195.24,0,direct_mail
1850,1129,2023-12-15,205.52,0,organic
1851,1130,2023-01-09,94.32,0,email
1852,1131,2024-02-20,53.29,1,email
1853,1132,2023-06-02,84.83,0,email
1854,1132,2023-11-11,169.14,0,email
1855,1133,2024-04-17,60.03,0,paid_search_nonbrand
1856,1134,2024-03-03,123.75,0,direct_mail
1857,1134,2024-11-11,68.24,0,email
1858,1134,2024-08-07,218.29,0,organic
1859,1134,2024-06-27,89.61,0,direct_mail
1860,1135,2024-02-18,165.84,0,email
1861,1136,2024-08-04,206.38,0,email
1862,1137,2023-12-05,184.85,0,meta_buyer_file
1863,1138,2024-02-05,80.74,0,organic
1864,1139,2023-07-12,102.55,0,meta_buyer_file
1865,1140,2023-11-08,63.25,0,direct_mail
1866,1140,2024-05-10,147.49,0,direct_mail
1867,1140,2024-01-27,55.29,0,direct_mail
1868,1140,2024-02-18,85.3,0,organic
1869,1141,2024-06-20,55.05,0,direct_mail
1870,1141,2024-10-28,74.55,0,email
1871,1141,2024-08-22,158.02,0,direct_mail
1872,1142,2023-03-12,203.13,0,paid_search_nonbrand
1873,1143,2023-11-14,169.19,0,paid_search_nonbrand
1874,1144,2023-11-14,132.93,0,meta_acquisition
1875,1144,2024-01-19,138.06,0,meta_acquisition
1876,1145,2024-09-11,137.02,0,email
1877,1146,2024-04-16,51.84,0,meta_buyer_file
1878,1147,2024-04-12,192.46,0,paid_search_nonbrand
1879,1148,2023-06-29,76.43,0,paid_search_nonbrand
1880,1149,2024-01-29,77.1,0,organic
1881,1150,2023-02-14,197.34,0,paid_search_brand
1882,1151,2023-10-26,56.68,0,meta_acquisition
1883,1152,2024-05-20,178.33,0,paid_search_nonbrand
1884,1153,2023-04-18,181.41,0,meta_buyer_file
1885,1153,2023-09-24,49.82,0,email
1886,1154,2023-03-16,163.23,0,meta_acquisition
1887,1155,2024-02-13,34.33,1,email
1888,1155,2024-06-05,187.47,0,email
1889,1156,2024-05-11,59.45,0,meta_buyer_file
1890,1157,2024-03-24,188.57,0,direct_mail
1891,1157,2024-09-25,62.11,0,organic
1892,1158,2023-05-08,113.4,0,meta_buyer_file
1893,1159,2023-10-07,107.67,0,direct_mail
1894,1159,2024-03-21,87.56,0,email
1895,1159,2024-06-07,179.65,0,email
1896,1159,2024-02-13,191.88,0,direct_mail
1897,1160,2023-02-23,53.52,0,meta_acquisition
1898,1160,2023-06-28,239.93,0,direct_mail
1899,1161,2023-04-04,14.97,1,direct_mail
1900,1162,2023-03-06,199.4,0,paid_search_brand
1901,1163,2023-06-21,52.7,0,meta_acquisition
1902,1164,2023-11-27,78.17,0,meta_buyer_file
1903,1165,2024-03-14,82.41,0,direct_mail
1904,1165,2024-09-27,109.57,0,direct_mail
1905,1165,2024-06-06,140.93,0,email
1906,1166,2023-10-13,109.57,0,meta_acquisition
1907,1166,2024-05-26,171.75,0,email
1908,1166,2024-05-12,157.96,0,direct_mail
1909,1167,2023-09-15,149.98,0,organic
1910,1168,2023-05-17,156.19,0,paid_search_nonbrand
1911,1168,2023-10-17,54.85,0,email
1912,1168,2023-11-18,240.66,0,paid_search_nonbrand
1913,1168,2023-09-21,152.43,0,direct_mail
1914,1169,2024-05-30,217.97,0,meta_acquisition
1915,1170,2023-05-08,174.13,0,paid_search_brand
1916,1171,2023-03-03,132.28,0,direct_mail
1917,1171,2023-04-11,92.37,0,direct_mail
1918,1171,2023-10-08,233.01,0,direct_mail
1919,1171,2023-06-12,109.86,0,email
1920,1172,2024-06-17,117.61,0,email
1921,1173,2023-08-23,102.97,0,email
1922,1174,2023-09-12,166.85,0,email
1923,1175,2024-06-17,36.72,1,paid_search_nonbrand
1924,1176,2023-03-13,54.12,0,organic
1925,1177,2023-05-09,148.71,0,direct_mail
1926,1178,2023-08-30,119.59,0,meta_buyer_file
1927,1178,2023-11-30,133.28,0,direct_mail
1928,1179,2023-11-07,123.45,0,paid_search_brand
1929,1179,2023-12-27,249.22,0,organic
1930,1179,2024-03-17,123.1,0,paid_search_brand
1931,1180,2024-03-27,151.64,0,paid_search_nonbrand
1932,1180,2024-05-01,207.62,0,paid_search_nonbrand
1933,1180,2024-11-30,58.31,0,organic
1934,1181,2024-09-01,141.75,0,meta_buyer_file
1935,1182,2023-11-10,110.65,0,paid_search_nonbrand
1936,1182,2024-06-10,143.24,0,direct_mail
1937,1183,2023-07-14,195.79,0,direct_mail
1938,1183,2024-04-05,131.48,0,direct_mail
1939,1183,2024-04-17,203.28,0,direct_mail
1940,1184,2024-05-16,217.82,0,paid_search_brand
1941,1185,2023-05-08,143.98,0,paid_search_nonbrand
1942,1186,2023-09-19,176.53,0,email
1943,1187,2024-10-12,166.88,0,meta_acquisition
1944,1188,2023-09-10,51.04,0,paid_search_brand
1945,1189,2023-01-29,157.93,0,meta_acquisition
1946,1190,2023-05-31,150.38,0,paid_search_brand
1947,1191,2023-01-13,61.15,0,direct_mail
1948,1191,2023-07-12,254.31,0,email
1949,1191,2023-06-24,240.19,0,direct_mail
1950,1191,2023-03-26,222.54,0,organic
1951,1192,2023-11-06,138.31,0,meta_buyer_file
1952,1193,2024-02-26,206.76,0,email
1953,1193,2024-10-11,215.46,0,direct_mail
1954,1193,2024-06-03,204.72,0,email
1955,1193,2024-09-21,107.78,0,direct_mail
1956,1194,2024-05-18,57.22,0,direct_mail
1957,1194,2024-08-29,201.27,0,direct_mail
1958,1194,2024-08-01,122.42,0,direct_mail
1959,1194,2024-08-06,147.02,0,email
1960,1195,2024-04-06,82.2,0,meta_buyer_file
1961,1196,2023-07-16,202.9,0,paid_search_brand
1962,1197,2024-10-01,156.38,0,direct_mail
1963,1198,2023-03-07,147.49,0,paid_search_nonbrand
1964,1199,2023-04-14,91.56,0,direct_mail
1965,1200,2023-02-12,40.92,1,direct_mail
1966,1201,2023-09-30,127.82,0,organic
1967,1202,2024-01-15,105.04,0,meta_acquisition
1968,1202,2024-08-02,127.66,0,email
1969,1202,2024-10-20,118.33,0,organic
1970,1203,2023-04-13,197.34,0,direct_mail
1971,1204,2023-05-23,66.51,0,direct_mail
1972,1205,2023-09-12,153.21,0,paid_search_nonbrand
1973,1206,2024-02-28,45.55,0,meta_acquisition
1974,1207,2023-11-26,108.04,0,direct_mail
1975,1208,2023-11-30,85.87,0,meta_acquisition
1976,1209,2023-03-25,209.34,0,paid_search_nonbrand
1977,1210,2023-04-13,96.43,0,meta_acquisition
1978,1210,2023-12-23,165.82,0,email
1979,1210,2023-06-14,149.54,0,email
1980,1210,2023-07-29,223.12,0,meta_acquisition
1981,1211,2023-06-22,212.13,0,organic
1982,1212,2023-09-07,176.82,0,direct_mail
1983,1212,2024-04-07,46.43,0,organic
1984,1212,2024-05-25,124.37,0,organic
1985,1213,2023-08-14,161.54,0,meta_acquisition
1986,1214,2023-05-20,155.87,0,organic
1987,1215,2023-12-07,208.06,0,email
1988,1216,2024-10-21,204.28,0,paid_search_nonbrand
1989,1217,2024-10-31,143.33,0,meta_acquisition
1990,1218,2023-08-17,95.92,0,paid_search_brand
1991,1218,2024-05-12,81.39,0,email
1992,1218,2024-02-09,120.9,0,organic
1993,1218,2024-05-17,123.64,0,email
1994,1219,2023-11-15,138.73,0,direct_mail
1995,1220,2023-11-24,184.57,0,email
1996,1220,2024-05-26,169.97,0,email
1997,1220,2024-04-03,42.02,0,email
1998,1220,2024-03-13,71.83,0,organic
1999,1221,2023-08-13,124.76,0,meta_buyer_file
2000,1221,2024-04-16,216.28,0,email
2001,1221,2024-02-12,110.43,0,email
2002,1221,2023-11-21,259.31,0,meta_buyer_file
2003,1222,2024-10-08,131.63,0,email
2004,1223,2023-12-08,170.43,0,direct_mail
2005,1224,2023-08-19,54.2,0,meta_acquisition
2006,1224,2024-03-22,126.2,0,direct_mail
2007,1224,2023-09-23,160.55,0,organic
2008,1225,2024-03-08,218.31,0,meta_acquisition
2009,1226,2024-06-24,94.41,0,meta_acquisition
2010,1227,2024-07-15,67.91,0,paid_search_nonbrand
2011,1228,2023-02-25,169.18,0,email
2012,1228,2023-07-18,193.11,0,organic
2013,1229,2023-05-29,185.76,0,direct_mail
2014,1230,2024-01-06,145.74,0,meta_acquisition
2015,1231,2023-06-01,216.97,0,paid_search_nonbrand
2016,1231,2023-07-25,118.23,0,paid_search_nonbrand
2017,1232,2023-07-03,65.54,0,organic
2018,1232,2024-04-06,72.69,0,organic
2019,1232,2023-10-03,47.48,0,direct_mail
2020,1233,2024-02-11,165.4,0,meta_buyer_file
2021,1234,2024-01-20,218.45,0,email
2022,1234,2024-09-27,220.0,0,email
2023,1234,2024-04-29,179.11,0,email
2024,1235,2024-01-12,65.41,0,direct_mail
2025,1236,2024-06-05,147.7,0,paid_search_brand
2026,1237,2023-04-07,76.69,0,email
2027,1238,2024-03-20,66.92,0,paid_search_brand
2028,1239,2024-07-04,56.17,1,direct_mail
2029,1240,2024-07-03,137.77,0,email
2030,1241,2024-07-05,183.26,0,meta_acquisition
2031,1242,2023-05-01,149.84,0,direct_mail
2032,1243,2023-11-18,67.54,0,direct_mail
2033,1243,2024-02-21,227.32,0,email
2034,1243,2024-01-08,255.58,0,organic
2035,1243,2024-03-20,252.58,0,direct_mail
2036,1244,2024-03-09,160.18,0,organic
2037,1244,2024-11-25,212.22,0,organic
2038,1244,2024-05-13,166.96,0,organic
2039,1244,2024-08-19,240.37,0,organic
2040,1245,2024-09-12,81.72,0,meta_buyer_file
2041,1246,2023-08-31,69.79,0,direct_mail
2042,1246,2024-03-02,161.46,0,organic
2043,1247,2023-10-12,153.9,0,direct_mail
2044,1247,2024-04-25,238.81,0,direct_mail
2045,1247,2024-03-06,58.32,0,organic
2046,1248,2024-03-11,70.07,0,organic
2047,1249,2023-10-03,166.94,0,organic
2048,1249,2024-04-15,220.51,0,direct_mail
2049,1249,2024-02-17,220.74,0,organic
2050,1249,2024-05-21,135.4,0,email
2051,1250,2024-09-10,92.27,0,paid_search_brand
2052,1251,2024-02-21,157.03,0,direct_mail
2053,1251,2024-04-28,231.15,0,direct_mail
2054,1251,2024-05-31,42.17,0,direct_mail
2055,1252,2023-08-16,63.38,0,paid_search_nonbrand
2056,1252,2024-04-26,107.44,0,paid_search_nonbrand
2057,1252,2023-10-09,156.37,0,organic
2058,1252,2024-02-03,99.63,0,email
2059,1253,2023-02-19,210.64,0,direct_mail
2060,1253,2023-09-10,252.96,0,direct_mail
2061,1253,2023-07-21,170.31,0,organic
2062,1253,2023-03-23,191.06,0,direct_mail
2063,1254,2023-05-10,144.32,0,direct_mail
2064,1255,2024-10-16,168.81,0,organic
2065,1256,2024-04-13,217.59,0,direct_mail
2066,1257,2024-03-14,170.73,0,meta_buyer_file
2067,1257,2024-11-18,59.13,0,organic
2068,1257,2024-07-26,209.53,0,email
2069,1257,2024-09-22,57.48,0,direct_mail
2070,1258,2023-04-06,55.05,0,direct_mail
2071,1259,2024-05-19,46.87,0,email
2072,1260,2023-05-20,135.13,0,meta_buyer_file
2073,1261,2023-05-08,152.85,0,paid_search_nonbrand
2074,1262,2024-03-11,176.19,0,meta_acquisition
2075,1263,2024-06-24,52.41,0,meta_acquisition
2076,1264,2023-08-19,109.23,0,direct_mail
2077,1264,2024-01-04,149.01,0,direct_mail
2078,1265,2024-01-18,104.14,0,organic
2079,1266,2023-05-01,129.55,0,paid_search_brand
2080,1266,2023-10-23,126.6,0,organic
2081,1266,2024-01-23,245.28,0,email
2082,1266,2024-01-25,141.87,0,paid_search_brand
2083,1267,2023-02-28,152.72,0,paid_search_nonbrand
2084,1268,2023-01-06,171.43,0,paid_search_nonbrand
2085,1268,2023-06-10,83.46,0,direct_mail
2086,1268,2023-05-21,67.25,0,paid_search_nonbrand
2087,1269,2023-01-08,159.91,0,direct_mail
2088,1269,2023-05-11,134.24,0,direct_mail
2089,1269,2023-06-24,218.54,0,email
2090,1270,2024-03-25,121.89,0,meta_acquisition
2091,1271,2023-01-06,197.34,0,paid_search_nonbrand
2092,1271,2023-03-11,126.8,0,organic
2093,1272,2023-02-02,79.82,0,direct_mail
2094,1273,2023-09-30,130.59,0,direct_mail
2095,1274,2023-05-11,178.77,0,paid_search_nonbrand
2096,1275,2024-02-03,212.59,0,direct_mail
2097,1275,2024-07-10,43.0,0,direct_mail
2098,1275,2024-03-17,189.23,0,organic
2099,1276,2024-03-15,174.05,0,organic
2100,1276,2024-05-05,207.4,0,direct_mail
2101,1276,2024-09-19,73.55,0,direct_mail
2102,1277,2023-09-13,65.13,0,paid_search_brand
2103,1278,2024-03-15,168.63,0,direct_mail
2104,1279,2024-05-29,78.02,0,meta_acquisition
2105,1280,2023-06-02,20.45,1,paid_search_brand
2106,1281,2023-05-30,152.88,0,paid_search_nonbrand
2107,1281,2023-11-10,107.42,0,direct_mail
2108,1281,2023-08-24,113.96,0,paid_search_nonbrand
2109,1282,2023-03-04,157.68,0,meta_buyer_file
2110,1282,2023-11-30,117.23,0,meta_buyer_file
2111,1282,2023-06-05,110.36,0,email
2112,1283,2023-07-06,54.12,0,direct_mail
2113,1283,2023-10-15,239.87,0,email
2114,1283,2023-11-23,80.66,0,direct_mail
2115,1284,2024-01-08,64.52,0,paid_search_nonbrand
2116,1285,2023-05-14,174.73,0,paid_search_nonbrand
2117,1286,2024-06-25,86.69,0,meta_acquisition
2118,1287,2023-03-31,67.83,0,organic
2119,1287,2024-01-02,240.68,0,direct_mail
2120,1287,2023-06-18,195.03,0,email
2121,1287,2023-05-19,247.2,0,organic
2122,1288,2023-11-05,218.19,0,meta_acquisition
2123,1289,2023-02-14,118.19,0,direct_mail
2124,1290,2024-07-27,201.61,0,organic
2125,1291,2024-03-22,118.33,0,direct_mail
2126,1291,2024-06-02,171.81,0,direct_mail
2127,1292,2023-10-24,144.08,0,direct_mail
2128,1293,2024-02-12,138.18,0,meta_buyer_file
2129,1293,2024-09-21,152.04,0,meta_buyer_file
2130,1293,2024-06-23,173.59,0,direct_mail
2131,1294,2023-07-08,145.08,0,direct_mail
2132,1294,2023-12-01,150.84,0,organic
2133,1294,2023-10-23,227.54,0,organic
2134,1294,2024-02-04,99.07,0,email
2135,1295,2023-06-25,138.37,0,paid_search_brand
2136,1296,2023-10-12,92.33,0,organic
2137,1297,2023-09-12,81.75,0,organic
2138,1298,2024-10-09,109.59,0,meta_acquisition
2139,1299,2024-07-16,68.38,0,paid_search_brand
2140,1300,2023-01-11,83.37,0,email
2141,1300,2023-06-27,184.61,0,email
2142,1301,2024-01-27,90.04,0,organic
2143,1302,2023-07-31,83.61,0,email
2144,1303,2024-02-09,85.55,0,direct_mail
2145,1303,2024-04-02,149.11,0,direct_mail
2146,1303,2024-04-26,219.43,0,direct_mail
2147,1304,2023-07-13,210.09,0,meta_buyer_file
2148,1304,2023-09-22,234.76,0,meta_buyer_file
2149,1304,2024-02-03,173.72,0,email
2150,1305,2023-05-27,87.92,0,direct_mail
2151,1306,2023-04-13,69.03,0,meta_acquisition
2152,1306,2023-08-17,124.48,0,email
2153,1307,2023-01-14,157.78,0,email
2154,1307,2023-04-22,71.38,0,email
2155,1308,2023-01-10,63.61,0,organic
2156,1308,2023-03-02,84.51,0,organic
2157,1308,2023-08-22,163.83,0,organic
2158,1308,2023-09-05,75.89,0,organic
2159,1309,2024-05-05,54.78,0,direct_mail
2160,1310,2023-05-07,52.79,0,direct_mail
2161,1310,2023-07-12,40.27,0,direct_mail
2162,1310,2023-06-12,89.87,0,direct_mail
2163,1311,2023-05-31,95.2,0,paid_search_nonbrand
2164,1312,2023-04-26,218.38,0,meta_buyer_file
2165,1313,2023-10-16,152.75,0,paid_search_nonbrand
2166,1314,2023-03-28,150.79,0,organic
2167,1315,2024-09-06,119.42,0,direct_mail
2168,1316,2024-10-01,105.97,0,email
2169,1317,2024-01-13,186.88,0,organic
2170,1317,2024-09-19,245.28,0,direct_mail
2171,1318,2023-05-31,113.35,0,paid_search_nonbrand
2172,1319,2024-05-04,64.8,0,email
2173,1320,2023-05-29,219.09,0,direct_mail
2174,1320,2023-11-01,133.24,0,direct_mail
2175,1320,2023-11-29,214.57,0,organic
2176,1321,2023-05-22,159.44,0,email
2177,1321,2023-11-05,157.43,0,direct_mail
2178,1321,2023-09-27,58.4,0,email
2179,1322,2024-06-23,166.36,0,meta_buyer_file
2180,1323,2023-08-29,80.57,0,paid_search_nonbrand
2181,1324,2024-04-30,206.16,0,organic
2182,1324,2024-08-13,141.29,0,organic
2183,1325,2023-09-06,84.3,0,direct_mail
2184,1325,2024-04-03,71.48,0,email
2185,1325,2024-04-01,252.28,0,organic
2186,1325,2023-10-19,194.31,0,email
2187,1326,2024-05-03,59.2,1,email
2188,1326,2024-08-03,56.95,0,email
2189,1327,2023-06-03,127.21,0,email
2190,1328,2023-11-03,171.45,0,meta_buyer_file
2191,1329,2023-01-14,72.28,0,paid_search_brand
2192,1329,2023-06-21,75.28,0,paid_search_brand
2193,1330,2024-03-09,198.3,0,meta_acquisition
2194,1331,2024-08-08,169.14,0,meta_buyer_file
2195,1332,2024-01-22,66.9,0,organic
2196,1333,2023-08-13,188.94,0,paid_search_nonbrand
2197,1334,2023-03-21,126.98,0,email
2198,1335,2024-01-25,185.58,0,direct_mail
2199,1335,2024-03-21,57.12,0,organic
2200,1336,2023-01-29,73.48,0,paid_search_brand
2201,1336,2023-09-09,240.13,0,direct_mail
2202,1337,2024-07-18,207.61,0,direct_mail
2203,1338,2023-02-15,183.29,0,meta_buyer_file
2204,1338,2023-03-19,255.72,0,organic
2205,1338,2023-11-17,127.59,0,direct_mail
2206,1339,2023-11-19,172.0,0,email
2207,1340,2023-04-10,201.89,0,paid_search_nonbrand
2208,1341,2023-06-03,184.31,0,direct_mail
2209,1342,2023-02-08,71.52,0,paid_search_brand
2210,1343,2023-04-06,85.52,0,organic
2211,1344,2023-05-25,73.18,0,email
2212,1345,2024-09-15,207.79,0,meta_acquisition
2213,1346,2023-12-14,154.11,0,paid_search_brand
2214,1346,2024-07-29,190.23,0,direct_mail
2215,1346,2024-03-06,259.34,0,email
2216,1346,2024-09-14,73.53,0,paid_search_brand
2217,1347,2023-04-10,69.96,0,email
2218,1348,2023-03-31,124.59,0,meta_buyer_file
2219,1348,2023-07-10,166.83,0,organic
2220,1349,2023-04-02,169.36,0,direct_mail
2221,1350,2023-09-20,122.36,0,email
2222,1351,2024-08-05,108.61,0,meta_buyer_file
2223,1352,2024-09-26,67.57,0,organic
2224,1353,2023-11-18,164.39,0,paid_search_nonbrand
2225,1353,2023-12-28,176.54,0,email
2226,1353,2024-06-24,213.93,0,email
2227,1353,2024-01-26,227.67,0,organic
2228,1354,2024-01-20,114.87,0,direct_mail
2229,1354,2024-08-08,60.57,0,direct_mail
2230,1354,2024-06-17,181.35,0,direct_mail
2231,1355,2023-04-22,173.06,0,direct_mail
2232,1356,2024-03-19,102.53,0,direct_mail
2233,1357,2024-05-12,174.72,0,direct_mail
2234,1357,2024-07-20,248.68,0,direct_mail
2235,1357,2024-11-21,86.96,0,email
2236,1357,2024-11-11,210.33,0,email
2237,1358,2024-01-06,216.25,0,email
2238,1358,2024-10-05,206.9,0,email
2239,1359,2023-10-04,75.82,0,paid_search_brand
2240,1359,2024-01-18,232.23,0,paid_search_brand
2241,1360,2024-03-05,162.19,0,meta_buyer_file
2242,1361,2023-04-05,119.99,0,organic
2243,1361,2023-08-02,247.23,0,organic
2244,1362,2024-05-01,182.18,0,meta_buyer_file
2245,1362,2024-10-24,125.61,0,email
2246,1362,2024-10-21,212.28,0,direct_mail
2247,1362,2024-06-19,199.0,0,direct_mail
2248,1363,2023-11-28,189.11,0,meta_acquisition
2249,1364,2023-11-21,201.89,0,direct_mail
2250,1364,2024-01-19,214.24,0,direct_mail
2251,1364,2024-02-26,154.55,0,email
2252,1365,2024-04-06,195.02,0,organic
2253,1366,2024-08-15,83.26,0,direct_mail
2254,1367,2024-07-13,150.17,0,email
2255,1368,2024-08-13,109.79,0,organic
2256,1369,2023-11-11,196.86,0,meta_buyer_file
2257,1370,2024-04-11,106.55,0,paid_search_nonbrand
2258,1371,2023-12-10,75.77,0,direct_mail
2259,1371,2024-02-19,159.41,0,direct_mail
2260,1371,2024-03-21,225.92,0,direct_mail
2261,1371,2024-06-19,102.31,0,email
2262,1372,2023-03-31,63.17,0,email
2263,1373,2024-02-26,176.24,0,direct_mail
2264,1373,2024-07-18,150.74,0,email
2265,1373,2024-09-13,103.78,0,direct_mail
2266,1373,2024-05-20,89.03,0,direct_mail
2267,1374,2024-07-18,79.22,0,paid_search_nonbrand
2268,1374,2024-11-30,239.76,0,paid_search_nonbrand
2269,1374,2024-08-18,246.72,0,direct_mail
2270,1375,2024-06-03,198.93,0,paid_search_brand
2271,1376,2024-02-29,45.73,0,meta_acquisition
2272,1376,2024-05-08,213.91,0,organic
2273,1377,2023-12-10,145.13,0,direct_mail
2274,1378,2024-02-05,157.78,0,direct_mail
2275,1379,2024-08-14,209.39,0,paid_search_nonbrand
2276,1380,2024-02-17,135.52,0,organic
2277,1380,2024-07-25,66.04,0,organic
2278,1381,2024-10-04,191.53,0,organic
2279,1382,2023-04-06,121.55,0,direct_mail
2280,1383,2023-01-29,140.14,0,meta_acquisition
2281,1384,2023-01-26,67.85,0,email
2282,1385,2024-01-02,159.19,0,direct_mail
2283,1385,2024-08-04,211.61,0,direct_mail
2284,1386,2023-09-24,93.12,0,meta_acquisition
2285,1387,2024-10-15,196.71,0,organic
2286,1388,2023-05-06,94.43,0,direct_mail
2287,1388,2024-01-07,119.51,0,direct_mail
2288,1388,2023-09-13,62.15,0,email
2289,1389,2024-02-28,212.86,0,direct_mail
2290,1390,2024-01-20,155.87,0,organic
2291,1390,2024-02-21,238.8,0,email
2292,1390,2024-03-20,254.7,0,organic
2293,1391,2024-05-10,45.0,1,organic
2294,1392,2023-09-18,23.62,1,organic
2295,1392,2024-04-29,73.52,0,organic
2296,1392,2023-11-16,237.69,0,email
2297,1392,2024-01-09,70.48,0,email
2298,1393,2023-05-10,129.28,0,paid_search_brand
2299,1393,2023-11-22,104.75,0,paid_search_brand
2300,1393,2023-09-28,152.78,0,paid_search_brand
2301,1393,2024-01-31,82.47,0,direct_mail
2302,1394,2023-07-22,200.28,0,meta_acquisition
2303,1395,2024-08-20,147.83,0,email
2304,1396,2024-03-19,119.15,0,organic
2305,1397,2024-09-29,112.03,0,direct_mail
2306,1398,2023-03-07,200.65,0,paid_search_nonbrand
2307,1398,2023-06-20,172.85,0,organic
2308,1398,2023-07-16,46.59,0,direct_mail
2309,1399,2023-11-27,77.54,0,paid_search_nonbrand
2310,1399,2024-03-31,71.91,0,organic
2311,1399,2024-01-27,42.12,0,email
2312,1400,2023-12-03,144.31,0,direct_mail
2313,1400,2024-04-09,102.4,0,direct_mail
2314,1401,2024-06-23,143.17,0,direct_mail
2315,1402,2023-03-18,158.1,0,meta_buyer_file
2316,1402,2023-06-06,83.37,0,meta_buyer_file
2317,1402,2023-08-22,50.29,0,organic
2318,1403,2024-03-07,124.24,0,direct_mail
2319,1404,2023-08-31,94.88,0,meta_buyer_file
2320,1405,2023-01-05,94.76,0,organic
2321,1406,2024-06-30,51.85,0,organic
2322,1407,2024-03-01,93.07,0,meta_acquisition
2323,1408,2024-07-23,131.42,0,email
2324,1408,2024-12-26,226.71,0,email
2325,1409,2024-01-18,62.98,0,organic
2326,1410,2023-05-23,101.5,0,direct_mail
2327,1410,2023-07-14,82.06,0,organic
2328,1411,2024-07-04,208.47,0,organic
2329,1411,2024-08-31,50.56,0,organic
2330,1412,2023-03-18,165.39,0,paid_search_brand
2331,1412,2023-05-30,243.47,0,paid_search_brand
2332,1412,2023-05-17,67.78,0,direct_mail
2333,1412,2023-10-26,168.51,0,paid_search_brand
2334,1413,2024-10-14,66.42,0,paid_search_nonbrand
2335,1414,2024-05-16,101.33,0,organic
2336,1414,2024-12-28,105.17,0,email
2337,1414,2024-09-13,162.87,0,direct_mail
2338,1415,2024-10-24,81.03,0,meta_acquisition
2339,1416,2023-03-03,162.34,0,direct_mail
2340,1416,2023-04-28,114.9,0,organic
2341,1416,2023-10-13,247.76,0,direct_mail
2342,1417,2023-06-07,63.49,0,email
2343,1418,2024-01-30,196.88,0,organic
2344,1419,2023-07-12,119.04,0,direct_mail
2345,1420,2024-08-14,70.78,0,meta_acquisition
2346,1421,2023-09-04,125.65,0,direct_mail
2347,1421,2024-01-27,117.43,0,email
2348,1421,2024-05-28,161.07,0,organic
2349,1421,2024-01-22,86.65,0,direct_mail
2350,1422,2024-05-29,103.4,0,paid_search_nonbrand
2351,1423,2023-02-20,173.1,0,meta_acquisition
2352,1424,2024-02-17,93.29,0,direct_mail
2353,1424,2024-09-08,50.97,0,direct_mail
2354,1425,2023-04-24,16.29,1,direct_mail
2355,1425,2023-10-07,62.23,0,direct_mail
2356,1426,2024-09-27,115.8,0,meta_acquisition
2357,1427,2023-10-02,74.93,0,meta_buyer_file
2358,1428,2024-09-02,45.54,0,paid_search_brand
2359,1429,2024-09-29,98.43,0,meta_buyer_file
2360,1430,2023-03-13,103.13,0,direct_mail
2361,1431,2024-04-30,48.64,0,paid_search_nonbrand
2362,1432,2023-06-24,194.29,0,meta_acquisition
2363,1433,2024-08-20,197.81,0,direct_mail
2364,1434,2023-10-25,136.92,0,email
2365,1434,2023-12-19,107.01,0,organic
2366,1435,2024-04-08,106.39,0,meta_buyer_file
2367,1436,2023-09-17,47.37,0,paid_search_nonbrand
2368,1437,2024-06-14,194.97,0,email
2369,1438,2023-04-26,135.88,0,paid_search_brand
2370,1438,2023-12-31,88.46,0,direct_mail
2371,1438,2023-08-25,149.52,0,direct_mail
2372,1439,2024-08-14,215.33,0,email
2373,1440,2023-07-18,111.11,0,organic
2374,1440,2024-02-06,159.88,0,organic
2375,1440,2024-04-18,232.74,0,direct_mail
2376,1440,2023-10-23,240.27,0,organic
2377,1441,2023-12-06,118.03,0,paid_search_nonbrand
2378,1441,2024-06-01,154.42,0,organic
2379,1442,2024-09-19,184.18,0,direct_mail
2380,1443,2023-12-22,214.66,0,paid_search_brand
2381,1444,2024-04-22,136.56,0,meta_acquisition
2382,1445,2023-06-16,95.45,0,paid_search_brand
2383,1445,2023-09-09,102.26,0,email
2384,1446,2023-02-24,45.89,0,meta_buyer_file
2385,1447,2023-02-21,106.29,0,paid_search_brand
2386,1448,2024-07-28,60.05,0,direct_mail
2387,1449,2023-07-21,205.7,0,paid_search_nonbrand
2388,1449,2023-10-22,218.58,0,paid_search_nonbrand
2389,1449,2023-12-06,127.8,0,email
2390,1450,2023-09-25,149.48,0,organic
2391,1451,2023-11-27,69.36,0,email
2392,1451,2024-05-16,83.9,0,organic
2393,1451,2024-01-17,105.41,0,email
2394,1452,2024-07-12,181.92,0,direct_mail
2395,1452,2024-12-02,192.71,0,organic
2396,1452,2024-12-08,117.92,0,direct_mail
2397,1452,2024-11-26,251.52,0,direct_mail
2398,1453,2023-01-29,49.62,0,organic
2399,1453,2023-08-04,239.51,0,direct_mail
2400,1454,2024-08-17,67.27,0,meta_buyer_file
2401,1455,2023-10-28,192.89,0,direct_mail
2402,1456,2024-04-18,198.11,0,email
2403,1456,2024-07-26,222.58,0,email
2404,1457,2023-12-08,188.84,0,meta_acquisition
2405,1458,2023-03-04,147.31,0,direct_mail
2406,1459,2023-07-29,143.36,0,meta_buyer_file
2407,1459,2024-02-07,227.5,0,organic
2408,1459,2024-02-04,108.4,0,email
2409,1459,2024-03-21,146.69,0,direct_mail
2410,1460,2023-04-28,71.78,0,direct_mail
2411,1460,2023-07-19,62.79,0,email
2412,1461,2024-06-01,54.74,0,paid_search_nonbrand
2413,1462,2023-07-08,192.3,0,email
2414,1463,2024-03-25,153.0,0,email
2415,1464,2023-07-09,175.3,0,direct_mail
2416,1464,2023-12-25,84.08,0,direct_mail
2417,1464,2023-10-21,103.68,0,email
2418,1464,2024-04-09,169.53,0,organic
2419,1465,2023-10-09,167.09,0,paid_search_nonbrand
2420,1466,2024-03-11,94.6,0,direct_mail
2421,1466,2024-06-26,47.5,0,direct_mail
2422,1466,2024-04-20,239.78,0,organic
2423,1466,2024-12-12,70.65,0,direct_mail
2424,1467,2023-10-11,72.71,0,direct_mail
2425,1468,2023-08-04,168.59,0,paid_search_nonbrand
2426,1468,2023-10-11,117.41,0,organic
2427,1468,2023-12-29,197.34,0,direct_mail
2428,1468,2023-11-13,212.69,0,organic
2429,1469,2024-02-08,191.88,0,direct_mail
2430,1470,2024-09-12,145.81,0,meta_acquisition
2431,1471,2024-06-22,167.11,0,paid_search_brand
2432,1472,2024-08-21,115.66,0,meta_acquisition
2433,1473,2023-06-12,161.42,0,paid_search_brand
2434,1474,2023-11-28,216.73,0,email
2435,1475,2023-08-31,199.13,0,direct_mail
2436,1475,2024-05-23,54.16,0,organic
2437,1475,2023-10-29,48.23,0,email
2438,1476,2024-03-28,151.14,0,email
2439,1477,2023-11-25,123.66,0,direct_mail
2440,1478,2024-07-23,89.19,0,direct_mail
2441,1479,2023-06-15,137.49,0,paid_search_nonbrand
2442,1479,2023-12-23,251.16,0,email
2443,1480,2023-07-28,20.88,1,direct_mail
2444,1481,2024-08-04,57.59,0,meta_buyer_file
2445,1482,2024-10-19,78.27,0,meta_buyer_file
2446,1483,2024-05-27,153.23,0,paid_search_nonbrand
2447,1483,2024-10-16,134.05,0,paid_search_nonbrand
2448,1484,2023-03-14,67.26,0,meta_buyer_file
2449,1484,2023-06-11,51.33,0,organic
2450,1484,2023-04-18,89.28,0,organic
2451,1485,2023-09-15,107.63,0,paid_search_nonbrand
2452,1485,2023-11-03,157.57,0,direct_mail
2453,1485,2024-05-20,153.91,0,organic
2454,1486,2024-02-13,140.54,0,meta_acquisition
2455,1487,2023-09-27,50.65,0,meta_acquisition
2456,1487,2023-12-01,84.93,0,organic
2457,1488,2023-03-05,57.76,0,paid_search_brand
2458,1489,2023-02-06,57.38,0,paid_search_nonbrand
2459,1490,2023-03-24,128.79,0,organic
2460,1491,2023-04-17,133.83,0,direct_mail
2461,1491,2023-12-03,226.96,0,direct_mail
2462,1491,2023-05-22,244.87,0,email
2463,1492,2023-07-20,195.55,0,meta_buyer_file
2464,1493,2024-07-19,112.75,0,meta_buyer_file
2465,1493,2024-12-05,160.9,0,email
2466,1493,2024-12-08,65.96,0,organic
2467,1493,2024-11-16,82.6,0,meta_buyer_file
2468,1494,2023-03-01,18.33,1,paid_search_brand
2469,1495,2024-07-03,65.52,1,meta_buyer_file
2470,1496,2023-02-28,67.18,0,direct_mail
2471,1496,2023-08-31,184.15,0,direct_mail
2472,1496,2023-06-12,68.54,0,direct_mail
2473,1497,2024-05-05,159.9,0,meta_acquisition
2474,1498,2023-07-30,173.66,0,meta_buyer_file
2475,1499,2023-08-14,97.98,0,paid_search_nonbrand
2476,1500,2024-10-31,201.27,0,paid_search_brand
2477,1501,2023-04-17,202.57,0,direct_mail
2478,1502,2023-10-14,204.61,0,direct_mail
2479,1502,2024-05-20,161.65,0,email
2480,1502,2024-02-16,199.48,0,direct_mail
2481,1503,2023-02-06,167.21,0,organic
2482,1504,2023-04-27,191.36,0,direct_mail
2483,1505,2023-11-04,59.79,0,email
2484,1506,2024-05-22,111.95,0,direct_mail
2485,1506,2024-08-07,185.18,0,email
2486,1506,2024-12-07,107.13,0,organic
2487,1507,2023-01-27,177.03,0,organic
2488,1508,2023-09-26,148.42,0,email
2489,1508,2024-02-14,230.46,0,email
2490,1508,2024-05-19,64.03,0,email
2491,1508,2024-06-25,198.69,0,organic
2492,1509,2024-07-01,145.21,0,meta_buyer_file
2493,1510,2023-06-16,126.78,0,organic
2494,1510,2023-09-25,215.91,0,organic
2495,1511,2023-03-29,179.98,0,organic
2496,1512,2023-02-09,108.3,0,meta_acquisition
2497,1513,2024-09-14,98.71,0,direct_mail
2498,1514,2023-07-03,14.41,1,paid_search_nonbrand
2499,1514,2023-12-02,180.3,0,direct_mail
2500,1514,2023-11-14,52.89,0,email
2501,1515,2023-10-11,141.5,0,organic
2502,1516,2023-09-22,93.33,0,email
2503,1516,2023-12-05,72.32,0,email
2504,1516,2023-12-20,65.18,0,email
2505,1516,2023-12-08,190.58,0,email
2506,1517,2024-08-16,141.85,0,paid_search_brand
2507,1518,2023-09-23,47.82,0,organic
2508,1519,2024-07-07,150.1,0,meta_acquisition
2509,1519,2024-09-03,152.43,0,direct_mail
2510,1519,2024-09-27,111.67,0,organic
2511,1520,2024-03-01,119.63,0,direct_mail
2512,1520,2024-10-18,119.26,0,direct_mail
2513,1520,2024-11-15,183.44,0,direct_mail
2514,1520,2024-11-27,254.17,0,email
2515,1521,2023-06-14,95.9,0,paid_search_nonbrand
2516,1522,2023-04-19,186.41,0,meta_acquisition
2517,1523,2024-06-04,169.75,0,email
2518,1524,2024-08-19,172.1,0,direct_mail
2519,1525,2023-03-22,212.76,0,organic
2520,1526,2024-08-11,173.44,0,meta_acquisition
2521,1527,2023-02-22,160.36,0,meta_acquisition
2522,1528,2023-07-19,96.29,0,email
2523,1528,2023-10-16,140.28,0,email
2524,1528,2024-02-11,93.03,0,email
2525,1529,2024-01-06,143.08,0,direct_mail
2526,1529,2024-07-08,90.68,0,direct_mail
2527,1529,2024-04-03,165.26,0,direct_mail
2528,1530,2024-07-04,204.12,0,paid_search_brand
2529,1531,2024-09-12,95.2,0,paid_search_brand
2530,1532,2023-06-01,155.71,0,meta_buyer_file
2531,1533,2024-04-09,66.14,0,direct_mail
2532,1534,2024-04-26,20.14,1,email
2533,1534,2024-07-07,257.79,0,direct_mail
2534,1534,2024-10-04,230.71,0,email
2535,1535,2024-03-08,115.41,0,paid_search_nonbrand
2536,1536,2023-05-02,189.33,0,paid_search_nonbrand
2537,1537,2023-04-21,52.92,0,organic
2538,1537,2024-01-09,129.95,0,organic
2539,1537,2023-11-26,223.66,0,organic
2540,1538,2024-05-03,173.35,0,meta_acquisition
2541,1539,2024-06-05,201.73,0,direct_mail
2542,1539,2024-10-29,123.46,0,direct_mail
2543,1539,2024-08-19,151.91,0,organic
2544,1540,2023-04-10,131.33,0,paid_search_brand
2545,1541,2024-06-21,192.71,0,meta_buyer_file
2546,1542,2023-07-02,52.34,0,organic
2547,1543,2023-08-04,93.69,0,paid_search_nonbrand
2548,1543,2023-11-14,76.43,0,organic
2549,1543,2023-11-12,147.06,0,direct_mail
2550,1544,2023-06-23,205.6,0,paid_search_brand
2551,1545,2023-08-26,69.68,0,meta_acquisition
2552,1546,2023-06-22,202.94,0,direct_mail
2553,1546,2023-07-23,147.44,0,email
2554,1547,2024-01-14,209.82,0,direct_mail
2555,1548,2024-06-17,124.42,0,direct_mail
2556,1549,2023-05-03,120.65,0,paid_search_nonbrand
2557,1550,2023-10-13,65.38,0,meta_acquisition
2558,1550,2024-05-16,56.36,0,direct_mail
2559,1551,2024-06-03,124.36,0,paid_search_nonbrand
2560,1552,2023-03-17,100.09,0,meta_acquisition
2561,1553,2024-06-17,192.25,0,paid_search_brand
2562,1554,2023-02-06,154.77,0,organic
2563,1555,2023-08-14,91.43,0,meta_acquisition
2564,1556,2024-05-23,79.75,0,paid_search_brand
2565,1557,2023-08-08,56.77,0,direct_mail
2566,1557,2023-09-16,132.0,0,organic
2567,1558,2024-09-20,147.18,0,paid_search_nonbrand
2568,1559,2023-07-04,192.12,0,email
2569,1560,2024-05-16,113.64,0,email
2570,1561,2023-04-09,213.51,0,direct_mail
2571,1562,2024-03-05,101.94,0,organic
2572,1562,2024-12-04,110.16,0,email
2573,1562,2024-07-01,193.33,0,direct_mail
2574,1563,2024-05-10,196.2,0,email
2575,1564,2023-01-30,133.81,0,paid_search_brand
2576,1565,2023-03-04,101.56,0,meta_buyer_file
2577,1565,2023-07-20,127.71,0,email
2578,1565,2023-06-10,146.81,0,direct_mail
2579,1566,2023-12-14,52.98,0,meta_acquisition
2580,1566,2024-05-29,85.36,0,email
2581,1567,2024-09-20,67.61,0,meta_acquisition
2582,1568,2023-01-22,60.79,0,email
2583,1569,2024-07-20,53.61,0,direct_mail
2584,1570,2023-06-10,114.22,0,email
2585,1570,2024-02-28,122.25,0,email
2586,1571,2023-08-09,26.56,1,meta_buyer_file
2587,1572,2024-06-23,114.64,0,direct_mail
2588,1572,2024-07-29,90.6,0,direct_mail
2589,1572,2024-07-31,99.94,0,email
2590,1573,2024-01-22,67.96,0,meta_acquisition
2591,1573,2024-03-11,56.26,0,meta_acquisition
2592,1574,2023-01-21,190.29,0,direct_mail
2593,1574,2023-07-20,214.38,0,direct_mail
2594,1574,2023-09-20,173.25,0,organic
2595,1574,2023-09-08,111.22,0,email
2596,1575,2023-11-06,80.47,0,paid_search_brand
2597,1576,2024-04-27,120.17,0,paid_search_nonbrand
2598,1577,2023-10-13,203.84,0,meta_buyer_file
2599,1577,2024-03-18,200.06,0,organic
2600,1578,2024-07-13,124.15,0,meta_acquisition
2601,1578,2024-12-04,121.36,0,email
2602,1579,2024-10-20,70.16,0,paid_search_brand
2603,1580,2023-08-01,130.72,0,email
2604,1580,2024-04-01,144.17,0,direct_mail
2605,1580,2023-09-15,208.83,0,organic
2606,1580,2023-12-14,108.52,0,organic
2607,1581,2023-06-04,165.57,0,direct_mail
2608,1582,2023-10-02,177.13,0,meta_acquisition
2609,1583,2023-11-17,86.25,0,organic
2610,1584,2024-07-22,218.73,0,email
2611,1584,2024-09-09,122.65,0,email
2612,1584,2024-10-01,154.39,0,email
2613,1584,2024-10-02,83.42,0,email
2614,1585,2023-02-09,131.66,0,organic
2615,1586,2023-05-24,140.74,0,email
2616,1586,2023-09-06,198.39,0,organic
2617,1586,2023-11-03,110.92,0,organic
2618,1587,2024-07-31,69.77,0,meta_acquisition
2619,1588,2024-01-16,88.97,0,meta_buyer_file
2620,1589,2023-05-19,170.14,0,direct_mail
2621,1589,2023-07-26,143.51,0,email
2622,1590,2023-11-16,79.87,0,meta_acquisition
2623,1591,2023-04-07,127.02,0,direct_mail
2624,1591,2023-12-19,89.73,0,email
2625,1591,2023-12-30,82.38,0,organic
2626,1591,2023-12-03,240.53,0,direct_mail
2627,1592,2024-08-21,109.27,0,meta_acquisition
2628,1593,2024-07-28,160.39,0,meta_buyer_file
2629,1593,2024-10-21,101.6,0,organic
2630,1594,2023-04-15,136.41,0,direct_mail
2631,1594,2023-11-28,227.75,0,organic
2632,1594,2024-01-17,217.61,0,direct_mail
2633,1594,2023-07-07,76.98,0,direct_mail
2634,1595,2023-08-10,185.59,0,direct_mail
2635,1595,2023-11-30,57.11,0,email
2636,1596,2023-05-21,121.95,0,meta_buyer_file
2637,1596,2023-12-31,65.81,0,meta_buyer_file
2638,1596,2023-09-24,210.26,0,meta_buyer_file
2639,1596,2023-09-18,108.59,0,organic
2640,1597,2024-06-27,150.94,0,direct_mail
2641,1598,2023-10-12,191.98,0,meta_acquisition
2642,1599,2023-09-14,142.63,0,meta_acquisition
2643,1600,2023-01-26,194.69,0,email
2644,1600,2023-04-20,175.73,0,direct_mail
2645,1600,2023-06-02,122.33,0,email
2646,1601,2023-07-20,41.12,1,paid_search_nonbrand
2647,1601,2024-04-08,121.15,0,organic
2648,1602,2024-05-29,45.36,1,organic
2649,1602,2024-10-07,49.66,0,organic
2650,1602,2024-09-06,177.56,0,email
2651,1603,2024-04-27,155.64,0,organic
2652,1604,2024-10-25,55.89,1,email
2653,1605,2023-07-01,68.04,0,email
2654,1606,2023-02-27,169.35,0,paid_search_nonbrand
2655,1607,2023-10-12,78.98,0,organic
2656,1607,2024-06-15,237.93,0,direct_mail
2657,1607,2024-06-29,256.98,0,organic
2658,1607,2024-03-22,43.12,0,organic
2659,1608,2024-03-02,162.19,0,email
2660,1609,2024-05-28,91.66,0,direct_mail
2661,1609,2024-08-16,191.52,0,direct_mail
2662,1609,2024-08-10,179.77,0,email
2663,1609,2024-09-14,100.23,0,organic
2664,1610,2023-05-01,144.43,0,paid_search_nonbrand
2665,1611,2024-04-19,205.65,0,direct_mail
2666,1611,2024-10-17,177.86,0,email
2667,1611,2024-12-01,77.25,0,email
2668,1612,2023-08-11,125.56,0,meta_acquisition
2669,1613,2023-11-12,157.41,0,email
2670,1613,2024-01-14,108.31,0,email
2671,1613,2024-06-09,103.16,0,organic
2672,1613,2024-01-16,164.31,0,email
2673,1614,2023-08-20,92.74,0,email
2674,1615,2023-09-23,91.3,0,meta_acquisition
2675,1616,2023-12-24,136.53,0,email
2676,1617,2023-06-24,191.08,0,direct_mail
2677,1617,2024-01-19,135.45,0,organic
2678,1618,2023-08-01,214.49,0,paid_search_nonbrand
2679,1619,2023-10-03,180.35,0,direct_mail
2680,1619,2024-06-25,65.37,0,direct_mail
2681,1620,2024-05-01,147.69,0,direct_mail
2682,1621,2023-02-04,63.31,0,paid_search_nonbrand
2683,1622,2023-06-12,103.57,0,paid_search_nonbrand
2684,1622,2023-09-28,75.8,0,direct_mail
2685,1622,2024-01-20,44.78,0,paid_search_nonbrand
2686,1623,2024-08-30,121.12,0,meta_buyer_file
2687,1624,2023-09-16,150.16,0,meta_acquisition
2688,1625,2023-02-11,198.55,0,organic
2689,1626,2024-06-03,119.53,0,direct_mail
2690,1627,2024-08-30,134.64,0,direct_mail
2691,1628,2024-06-20,215.17,0,direct_mail
2692,1629,2023-02-25,99.12,0,organic
2693,1630,2024-04-14,125.6,0,paid_search_nonbrand
2694,1630,2024-07-30,107.66,0,direct_mail
2695,1631,2023-08-30,121.4,0,email
2696,1631,2024-05-02,210.63,0,email
2697,1631,2024-01-29,75.05,0,email
2698,1631,2024-01-27,160.96,0,email
2699,1632,2023-08-06,161.98,0,organic
2700,1633,2023-04-09,100.71,0,paid_search_nonbrand
2701,1634,2023-12-01,188.46,0,organic
2702,1635,2024-02-08,105.7,0,meta_buyer_file
2703,1636,2023-01-28,151.49,0,paid_search_brand
2704,1636,2023-07-05,221.11,0,paid_search_brand
2705,1636,2023-10-19,57.0,0,direct_mail
2706,1637,2023-05-22,52.74,0,meta_buyer_file
2707,1637,2023-12-05,79.57,0,direct_mail
2708,1637,2023-09-01,108.44,0,meta_buyer_file
2709,1638,2023-02-05,212.13,0,paid_search_brand
2710,1638,2023-10-06,63.41,0,email
2711,1638,2023-06-03,190.93,0,email
2712,1638,2023-08-21,229.74,0,email
2713,1639,2023-06-14,145.57,0,paid_search_brand
2714,1640,2024-05-12,162.28,0,meta_acquisition
2715,1640,2024-08-16,203.25,0,email
2716,1640,2024-11-12,217.57,0,meta_acquisition
2717,1641,2024-05-29,127.87,0,paid_search_nonbrand
2718,1642,2024-01-09,76.3,0,direct_mail
2719,1643,2023-03-23,104.0,0,direct_mail
2720,1644,2023-07-22,152.54,0,meta_buyer_file
2721,1644,2023-11-01,48.77,0,meta_buyer_file
2722,1644,2023-12-16,120.76,0,organic
2723,1645,2023-09-16,163.12,0,paid_search_nonbrand
2724,1645,2023-11-30,104.51,0,paid_search_nonbrand
2725,1645,2023-10-20,138.29,0,organic
2726,1646,2024-10-13,64.54,0,direct_mail
2727,1647,2024-02-10,59.71,0,paid_search_brand
2728,1648,2024-10-10,201.23,0,meta_buyer_file
2729,1649,2024-09-24,189.47,0,paid_search_brand
2730,1650,2024-06-20,52.11,0,meta_buyer_file
2731,1651,2024-10-15,62.7,0,email
2732,1652,2023-12-12,176.12,0,organic
2733,1652,2024-03-16,198.75,0,email
2734,1652,2024-08-12,240.72,0,email
2735,1652,2024-08-01,82.16,0,organic
2736,1653,2023-11-07,139.35,0,meta_acquisition
2737,1654,2023-02-20,127.76,0,paid_search_nonbrand
2738,1655,2023-07-10,162.5,0,paid_search_brand
2739,1656,2023-10-19,34.88,1,paid_search_brand
2740,1657,2023-05-13,125.93,0,paid_search_brand
2741,1658,2023-04-10,48.16,0,paid_search_brand
2742,1658,2023-11-12,196.65,0,paid_search_brand
2743,1658,2023-10-07,132.57,0,organic
2744,1659,2024-07-08,62.32,1,paid_search_nonbrand
2745,1660,2023-12-21,71.56,0,email
2746,1661,2024-06-29,162.77,0,meta_acquisition
2747,1662,2023-03-22,143.23,0,meta_acquisition
2748,1662,2023-07-24,106.89,0,organic
2749,1662,2023-08-14,188.39,0,email
2750,1662,2023-05-30,177.47,0,direct_mail
2751,1663,2024-10-01,120.52,0,paid_search_nonbrand
2752,1664,2024-05-17,110.67,0,organic
2753,1664,2024-07-10,127.06,0,direct_mail
2754,1665,2023-04-24,76.26,0,meta_buyer_file
2755,1666,2024-02-15,106.6,0,meta_buyer_file
2756,1667,2023-10-13,108.56,0,paid_search_brand
2757,1668,2024-10-10,100.61,0,email
2758,1669,2024-02-18,126.18,0,meta_buyer_file
2759,1669,2024-06-29,103.45,0,organic
2760,1670,2024-04-20,164.59,0,meta_acquisition
2761,1671,2024-03-04,116.8,0,organic
2762,1672,2023-05-22,133.09,0,meta_acquisition
2763,1673,2024-02-23,101.88,0,organic
2764,1674,2024-04-28,63.47,1,meta_acquisition
2765,1675,2024-10-31,134.48,0,paid_search_nonbrand
2766,1676,2024-04-13,198.06,0,paid_search_nonbrand
2767,1677,2023-07-24,96.27,0,paid_search_nonbrand
2768,1677,2023-12-18,93.91,0,paid_search_nonbrand
2769,1677,2023-10-23,215.29,0,paid_search_nonbrand
2770,1678,2024-05-27,185.65,0,meta_acquisition
2771,1679,2023-06-13,171.36,0,paid_search_brand
2772,1680,2024-02-21,219.22,0,email
2773,1680,2024-11-22,97.21,0,email
2774,1680,2024-09-21,210.85,0,email
2775,1681,2024-03-25,172.06,0,meta_buyer_file
2776,1681,2024-11-06,48.78,0,meta_buyer_file
2777,1681,2024-10-24,244.03,0,meta_buyer_file
2778,1681,2024-08-11,213.23,0,email
2779,1682,2023-05-30,177.64,0,email
2780,1683,2023-06-23,159.89,0,paid_search_nonbrand
2781,1683,2023-09-14,98.19,0,organic
2782,1683,2024-01-03,192.62,0,paid_search_nonbrand
2783,1684,2024-05-18,177.47,0,email
2784,1685,2023-12-05,167.42,0,email
2785,1686,2023-05-24,95.48,0,direct_mail
2786,1686,2023-12-22,104.07,0,direct_mail
2787,1686,2023-11-15,179.46,0,direct_mail
2788,1687,2024-03-26,72.03,0,meta_acquisition
2789,1687,2024-07-08,229.01,0,organic
2790,1687,2024-10-05,90.14,0,direct_mail
2791,1687,2024-09-21,106.65,0,email
2792,1688,2023-09-23,134.0,0,paid_search_nonbrand
2793,1689,2024-05-03,74.82,0,meta_acquisition
2794,1689,2024-08-21,155.13,0,meta_acquisition
2795,1690,2024-05-11,197.39,0,meta_acquisition
2796,1691,2024-01-24,210.72,0,direct_mail
2797,1691,2024-04-01,101.23,0,email
2798,1692,2024-10-27,132.29,0,direct_mail
2799,1693,2023-01-13,193.01,0,email
2800,1694,2023-08-22,32.59,1,email
2801,1695,2023-12-04,92.51,0,meta_buyer_file
2802,1696,2024-07-04,214.83,0,email
2803,1697,2023-09-11,184.52,0,paid_search_brand
2804,1698,2023-09-08,170.54,0,paid_search_brand
2805,1699,2023-09-30,60.99,0,meta_buyer_file
2806,1700,2023-03-07,68.2,0,organic
2807,1700,2023-09-02,207.57,0,organic
2808,1701,2024-04-20,199.29,0,direct_mail
2809,1702,2023-03-16,65.37,0,direct_mail
2810,1702,2023-09-12,87.3,0,direct_mail
2811,1702,2023-06-30,165.25,0,direct_mail
2812,1702,2023-11-21,239.1,0,direct_mail
2813,1703,2024-10-20,186.01,0,direct_mail
2814,1704,2023-01-01,116.25,0,paid_search_brand
2815,1705,2023-12-03,134.99,0,meta_buyer_file
2816,1705,2024-03-05,115.05,0,organic
2817,1705,2024-06-10,136.81,0,direct_mail
2818,1705,2024-05-05,41.43,0,meta_buyer_file
2819,1706,2024-05-22,56.47,0,direct_mail
2820,1706,2024-09-16,180.33,0,direct_mail
2821,1706,2024-08-09,211.33,0,direct_mail
2822,1707,2023-08-07,98.44,0,paid_search_brand
2823,1708,2023-11-04,81.8,0,organic
2824,1708,2024-06-17,127.17,0,direct_mail
2825,1709,2023-06-11,72.5,0,meta_acquisition
2826,1710,2024-10-31,117.96,0,meta_acquisition
2827,1711,2023-09-27,194.84,0,meta_buyer_file
2828,1711,2024-04-30,117.87,0,organic
2829,1711,2024-02-19,107.76,0,meta_buyer_file
2830,1712,2024-03-03,209.5,0,direct_mail
2831,1712,2024-10-25,70.78,0,direct_mail
2832,1712,2024-10-15,100.33,0,direct_mail
2833,1712,2024-05-25,185.65,0,organic
2834,1713,2023-10-29,49.14,0,email
2835,1713,2024-04-19,202.58,0,direct_mail
2836,1713,2024-05-04,150.65,0,organic
2837,1713,2023-12-25,56.37,0,direct_mail
2838,1714,2023-11-30,209.76,0,meta_acquisition
2839,1715,2023-02-17,113.26,0,email
2840,1716,2023-09-13,151.17,0,paid_search_brand
2841,1716,2024-01-08,100.73,0,organic
2842,1716,2024-02-02,243.19,0,email
2843,1716,2024-02-10,69.54,0,email
2844,1717,2023-11-29,173.18,0,organic
2845,1718,2024-08-26,80.0,0,paid_search_brand
2846,1719,2023-09-24,188.03,0,meta_buyer_file
2847,1719,2024-06-02,212.9,0,organic
2848,1720,2024-01-05,123.02,0,organic
2849,1720,2024-04-02,141.38,0,organic
2850,1720,2024-03-25,189.09,0,organic
2851,1721,2023-09-19,208.22,0,meta_acquisition
2852,1722,2024-03-13,130.11,0,paid_search_nonbrand
2853,1723,2024-06-08,144.0,0,paid_search_nonbrand
2854,1724,2023-12-01,131.1,0,email
2855,1725,2023-03-19,215.49,0,meta_buyer_file
2856,1726,2024-06-09,60.35,0,email
2857,1727,2023-07-15,179.25,0,email
2858,1727,2024-03-28,233.72,0,direct_mail
2859,1727,2024-01-27,112.69,0,direct_mail
2860,1728,2024-10-25,124.46,0,meta_buyer_file
2861,1729,2024-03-18,115.26,0,organic
2862,1730,2024-02-04,84.42,0,direct_mail
2863,1730,2024-08-01,188.4,0,organic
2864,1731,2024-06-29,161.45,0,paid_search_nonbrand
2865,1732,2023-12-30,170.11,0,organic
2866,1732,2024-03-21,107.87,0,email
2867,1733,2023-01-27,63.09,1,meta_buyer_file
2868,1733,2023-10-28,55.24,0,organic
2869,1733,2023-10-21,90.62,0,direct_mail
2870,1734,2023-07-26,119.25,0,paid_search_brand
2871,1735,2023-08-11,49.78,0,email
2872,1736,2023-05-07,110.64,0,email
2873,1737,2023-08-02,123.19,0,paid_search_nonbrand
2874,1737,2024-01-30,219.19,0,email
2875,1737,2024-05-06,78.52,0,email
2876,1738,2023-06-16,66.06,0,email
2877,1739,2023-11-21,81.81,0,paid_search_nonbrand
2878,1740,2024-05-04,64.6,0,paid_search_brand
2879,1740,2024-09-13,251.55,0,email
2880,1740,2024-09-01,119.29,0,organic
2881,1741,2023-03-08,193.37,0,paid_search_nonbrand
2882,1742,2023-03-28,186.78,0,meta_acquisition
2883,1742,2023-10-30,182.42,0,organic
2884,1742,2023-05-08,70.96,0,direct_mail
2885,1743,2023-07-01,67.39,0,meta_buyer_file
2886,1744,2023-02-09,185.42,0,direct_mail
2887,1745,2024-01-16,189.07,0,meta_acquisition
2888,1745,2024-10-19,73.3,0,direct_mail
2889,1745,2024-05-18,233.4,0,email
2890,1745,2024-09-03,75.72,0,meta_acquisition
2891,1746,2023-07-28,154.43,0,paid_search_brand
2892,1746,2023-09-03,212.32,0,organic
2893,1746,2023-09-03,235.54,0,email
2894,1747,2023-05-28,53.14,0,organic
2895,1748,2024-06-21,62.52,0,direct_mail
2896,1748,2024-08-06,64.73,0,direct_mail
2897,1748,2024-11-16,256.34,0,direct_mail
2898,1749,2023-05-18,55.99,1,email
2899,1750,2023-09-21,159.87,0,direct_mail
2900,1751,2023-04-09,176.03,0,meta_buyer_file
2901,1751,2023-09-17,68.56,0,direct_mail
2902,1752,2023-08-19,175.06,0,meta_acquisition
2903,1753,2024-09-21,84.59,0,direct_mail
2904,1754,2023-12-03,125.88,0,meta_acquisition
2905,1755,2023-10-01,68.05,0,email
2906,1756,2024-08-16,193.88,0,meta_acquisition
2907,1757,2024-10-09,79.63,0,direct_mail
2908,1758,2023-09-01,101.44,0,direct_mail
2909,1758,2023-11-18,178.32,0,direct_mail
2910,1758,2024-01-24,258.39,0,direct_mail
2911,1759,2024-09-28,121.98,0,paid_search_brand
2912,1760,2024-06-10,104.02,0,organic
2913,1761,2024-07-16,61.89,0,paid_search_nonbrand
2914,1762,2023-09-27,108.95,0,direct_mail
2915,1763,2023-05-10,215.64,0,direct_mail
2916,1763,2023-08-23,67.79,0,organic
2917,1763,2023-08-26,139.56,0,email
2918,1763,2024-02-11,230.73,0,direct_mail
2919,1764,2024-02-12,199.98,0,email
2920,1764,2024-05-08,210.7,0,direct_mail
2921,1764,2024-09-16,203.81,0,direct_mail
2922,1764,2024-08-04,229.18,0,email
2923,1765,2024-06-29,85.32,0,paid_search_nonbrand
2924,1766,2024-01-19,164.07,0,direct_mail
2925,1767,2023-08-20,176.44,0,email
2926,1768,2024-09-16,80.38,0,paid_search_nonbrand
2927,1769,2024-02-15,202.67,0,paid_search_brand
2928,1770,2024-04-24,171.27,0,paid_search_nonbrand
2929,1770,2024-10-13,186.99,0,direct_mail
2930,1771,2024-09-19,56.69,0,meta_acquisition
2931,1772,2023-06-14,186.22,0,email
2932,1772,2023-12-26,132.18,0,direct_mail
2933,1773,2023-09-12,57.34,0,email
2934,1773,2023-11-12,199.72,0,direct_mail
2935,1773,2023-12-03,137.54,0,organic
2936,1774,2023-12-02,65.53,0,direct_mail
2937,1774,2024-06-02,143.64,0,direct_mail
2938,1774,2024-03-17,220.89,0,direct_mail
2939,1774,2024-02-09,55.49,0,organic
2940,1775,2023-10-06,52.17,0,organic
2941,1775,2024-03-03,133.7,0,direct_mail
2942,1775,2024-06-16,196.15,0,organic
2943,1775,2024-05-17,104.04,0,email
2944,1776,2023-04-01,150.58,0,organic
2945,1776,2023-09-04,224.08,0,organic
2946,1776,2023-08-16,52.46,0,email
2947,1776,2023-12-08,209.39,0,organic
2948,1777,2023-09-15,102.55,0,meta_acquisition
2949,1777,2023-11-05,42.84,0,meta_acquisition
2950,1777,2023-12-16,168.87,0,direct_mail
2951,1778,2024-08-28,91.51,0,paid_search_nonbrand
2952,1779,2024-05-14,191.55,0,meta_buyer_file
2953,1780,2024-01-27,63.86,0,direct_mail
2954,1781,2023-04-11,65.56,0,meta_buyer_file
2955,1781,2023-11-08,238.83,0,meta_buyer_file
2956,1781,2023-12-05,126.62,0,email
2957,1781,2023-08-07,182.36,0,meta_buyer_file
2958,1782,2024-04-16,136.48,0,meta_buyer_file
2959,1783,2024-10-05,120.56,0,email
2960,1783,2024-11-10,178.71,0,organic
2961,1784,2023-04-12,35.14,1,paid_search_brand
2962,1785,2023-09-17,164.53,0,paid_search_nonbrand
2963,1786,2023-10-11,53.36,0,paid_search_nonbrand
2964,1787,2023-09-27,73.1,0,email
2965,1788,2024-10-25,115.23,0,paid_search_nonbrand
2966,1789,2024-05-26,103.41,0,email
2967,1790,2023-08-22,98.52,0,paid_search_brand
2968,1790,2023-12-10,176.8,0,direct_mail
2969,1790,2024-04-01,124.19,0,organic
2970,1791,2024-05-12,186.03,0,paid_search_nonbrand
2971,1792,2023-06-22,64.51,0,paid_search_nonbrand
2972,1793,2024-10-19,177.43,0,meta_buyer_file
2973,1794,2023-03-19,60.84,0,direct_mail
2974,1795,2024-02-19,70.51,0,email
2975,1795,2024-11-10,124.75,0,organic
2976,1796,2024-09-20,59.39,0,meta_buyer_file
2977,1797,2023-02-11,72.13,0,paid_search_brand
2978,1797,2023-10-12,192.92,0,direct_mail
2979,1798,2023-09-09,122.06,0,email
2980,1798,2023-12-10,252.21,0,email
2981,1798,2024-05-10,136.57,0,direct_mail
2982,1799,2024-02-27,135.75,0,direct_mail
2983,1800,2024-02-01,168.68,0,email
2984,1801,2023-09-27,108.79,0,paid_search_nonbrand
2985,1801,2024-01-26,56.95,0,direct_mail
2986,1801,2024-01-17,229.19,0,direct_mail
2987,1801,2024-05-17,158.42,0,direct_mail
2988,1802,2023-04-09,182.24,0,organic
2989,1803,2023-11-18,189.6,0,direct_mail
2990,1803,2024-05-31,254.83,0,direct_mail
2991,1803,2024-04-15,99.21,0,email
2992,1803,2024-04-13,176.14,0,direct_mail
2993,1804,2024-08-28,211.8,0,paid_search_nonbrand
2994,1805,2024-07-26,201.77,0,meta_acquisition
2995,1806,2023-03-07,56.45,0,meta_acquisition
2996,1807,2023-01-29,130.89,0,meta_acquisition
2997,1808,2024-02-10,124.12,0,direct_mail
2998,1809,2023-12-05,184.72,0,paid_search_brand
2999,1810,2024-07-06,147.7,0,organic
3000,1811,2023-02-24,107.71,0,meta_acquisition
3001,1812,2024-09-20,117.4,0,direct_mail
3002,1813,2023-07-03,50.16,0,email
3003,1814,2023-12-06,210.58,0,direct_mail
3004,1815,2024-02-01,111.73,0,email
3005,1816,2023-07-07,107.15,0,direct_mail
3006,1817,2024-05-26,90.59,0,direct_mail
3007,1817,2024-12-04,57.95,0,direct_mail
3008,1818,2023-04-07,48.57,0,meta_buyer_file
3009,1819,2023-03-02,18.51,1,meta_acquisition
3010,1820,2023-01-13,33.7,1,direct_mail
3011,1821,2024-07-30,57.14,0,paid_search_nonbrand
3012,1822,2024-05-25,83.22,0,direct_mail
3013,1823,2023-06-08,145.45,0,meta_acquisition
3014,1824,2023-07-01,187.51,0,meta_buyer_file
3015,1825,2024-07-04,183.89,0,organic
3016,1826,2023-10-26,164.53,0,direct_mail
3017,1826,2024-03-31,82.5,0,direct_mail
3018,1827,2024-09-19,209.12,0,organic
3019,1828,2024-02-03,210.2,0,email
3020,1828,2024-06-05,71.1,0,email
3021,1829,2023-07-12,52.28,0,email
3022,1830,2024-05-06,204.19,0,email
3023,1831,2023-04-12,60.92,0,email
3024,1832,2024-07-30,138.09,0,meta_buyer_file
3025,1833,2023-07-25,68.71,0,paid_search_brand
3026,1833,2023-12-11,128.93,0,paid_search_brand
3027,1833,2023-09-14,147.9,0,paid_search_brand
3028,1833,2023-09-19,110.73,0,paid_search_brand
3029,1834,2024-09-16,132.08,0,paid_search_nonbrand
3030,1835,2023-02-26,52.29,0,meta_buyer_file
3031,1835,2023-10-05,238.06,0,direct_mail
3032,1835,2023-09-08,109.0,0,email
3033,1835,2023-08-11,46.15,0,organic
3034,1836,2024-01-30,213.73,0,direct_mail
3035,1837,2024-03-20,136.7,0,meta_acquisition
3036,1838,2023-02-15,62.26,0,organic
3037,1839,2023-11-24,80.63,0,direct_mail
3038,1840,2023-01-16,111.76,0,direct_mail
3039,1840,2023-02-16,238.97,0,organic
3040,1840,2023-04-01,257.16,0,direct_mail
3041,1841,2024-01-16,115.34,0,organic
3042,1842,2024-09-28,199.34,0,meta_acquisition
3043,1843,2024-10-03,209.55,0,paid_search_brand
3044,1844,2024-02-24,117.78,0,meta_acquisition
3045,1844,2024-10-20,211.43,0,organic
3046,1845,2024-09-06,166.19,0,direct_mail
3047,1846,2023-05-12,84.02,0,meta_acquisition
3048,1846,2023-06-28,80.34,0,organic
3049,1846,2023-07-23,247.57,0,organic
3050,1847,2024-02-12,95.13,0,paid_search_brand
3051,1847,2024-06-22,221.03,0,direct_mail
3052,1848,2023-03-30,132.14,0,meta_buyer_file
3053,1849,2024-04-25,19.35,1,meta_buyer_file
3054,1849,2024-12-06,192.6,0,email
3055,1850,2023-09-05,109.91,0,paid_search_nonbrand
3056,1851,2023-02-12,133.13,0,meta_acquisition
3057,1852,2023-11-22,47.49,0,direct_mail
3058,1853,2023-09-14,106.27,0,organic
3059,1854,2024-02-05,210.69,0,paid_search_nonbrand
3060,1854,2024-04-24,113.9,0,paid_search_nonbrand
3061,1854,2024-03-12,231.69,0,email
3062,1854,2024-10-07,94.07,0,organic
3063,1855,2024-07-24,140.75,0,direct_mail
3064,1855,2024-12-05,153.97,0,email
3065,1856,2024-09-25,171.71,0,meta_acquisition
3066,1857,2023-08-28,45.6,0,direct_mail
3067,1857,2023-10-27,228.54,0,email
3068,1857,2024-02-18,160.03,0,email
3069,1857,2024-03-11,221.28,0,direct_mail
3070,1858,2024-08-08,94.43,0,meta_acquisition
3071,1859,2023-09-01,152.21,0,meta_acquisition
3072,1860,2024-04-10,202.25,0,meta_buyer_file
3073,1861,2023-08-18,156.49,0,direct_mail
3074,1862,2023-09-21,32.82,1,organic
3075,1863,2023-05-28,116.82,0,direct_mail
3076,1864,2024-02-16,154.64,0,direct_mail
3077,1864,2024-07-12,201.36,0,direct_mail
3078,1864,2024-11-15,125.46,0,organic
3079,1865,2023-12-12,114.8,0,paid_search_nonbrand
3080,1865,2024-07-11,82.01,0,direct_mail
3081,1866,2024-09-25,126.09,0,paid_search_nonbrand
3082,1867,2024-01-19,82.36,0,meta_acquisition
3083,1867,2024-06-12,106.07,0,meta_acquisition
3084,1867,2024-03-02,83.87,0,organic
3085,1867,2024-07-08,235.78,0,meta_acquisition
3086,1868,2024-06-13,63.02,1,paid_search_nonbrand
3087,1868,2024-12-30,77.91,0,direct_mail
3088,1868,2024-12-24,128.41,0,direct_mail
3089,1868,2024-08-20,130.48,0,paid_search_nonbrand
3090,1869,2023-09-09,67.85,0,email
3091,1869,2024-02-21,201.77,0,email
3092,1869,2024-03-30,61.35,0,email
3093,1869,2023-10-30,44.72,0,email
3094,1870,2023-12-06,99.83,0,email
3095,1870,2024-09-06,86.86,0,email
3096,1871,2024-01-07,100.21,0,meta_acquisition
3097,1872,2023-12-13,95.7,0,meta_acquisition
3098,1873,2023-06-05,65.73,0,direct_mail
3099,1873,2023-11-23,178.31,0,organic
3100,1873,2023-12-28,226.56,0,direct_mail
3101,1873,2024-03-10,64.94,0,direct_mail
3102,1874,2024-03-31,51.89,0,direct_mail
3103,1874,2024-06-12,208.77,0,organic
3104,1874,2024-12-24,137.01,0,direct_mail
3105,1875,2024-04-03,214.8,0,organic
3106,1876,2023-12-14,200.14,0,organic
3107,1876,2024-07-04,126.6,0,direct_mail
3108,1876,2024-02-10,258.44,0,direct_mail
3109,1877,2024-10-11,169.5,0,paid_search_nonbrand
3110,1878,2024-05-21,200.93,0,direct_mail
3111,1878,2024-08-08,152.95,0,email
3112,1878,2024-10-23,110.08,0,direct_mail
3113,1879,2023-02-23,167.59,0,meta_acquisition
3114,1880,2023-12-12,176.25,0,direct_mail
3115,1880,2024-04-05,161.28,0,direct_mail
3116,1881,2024-10-01,145.39,0,direct_mail
3117,1882,2024-02-02,162.58,0,direct_mail
3118,1882,2024-10-07,258.6,0,direct_mail
3119,1882,2024-06-15,195.6,0,direct_mail
3120,1882,2024-10-30,116.17,0,organic
3121,1883,2024-07-19,94.29,0,direct_mail
3122,1884,2023-03-28,204.83,0,email
3123,1885,2023-01-24,186.09,0,email
3124,1885,2023-03-11,73.88,0,direct_mail
3125,1885,2023-09-10,59.23,0,email
3126,1886,2023-01-10,173.89,0,meta_acquisition
3127,1887,2023-03-14,154.57,0,direct_mail
3128,1887,2023-10-31,186.29,0,email
3129,1887,2023-04-27,194.91,0,direct_mail
3130,1888,2023-03-25,170.69,0,direct_mail
3131,1888,2023-06-22,86.25,0,email
3132,1888,2023-08-01,110.49,0,direct_mail
3133,1888,2023-08-23,219.86,0,direct_mail
3134,1889,2024-09-11,127.11,0,meta_acquisition
3135,1890,2023-03-04,133.83,0,paid_search_nonbrand
3136,1891,2023-09-27,139.85,0,direct_mail
3137,1892,2023-03-19,193.51,0,direct_mail
3138,1892,2023-09-27,223.93,0,organic
3139,1892,2023-09-18,130.7,0,organic
3140,1893,2023-08-12,189.28,0,paid_search_nonbrand
3141,1894,2024-11-01,164.62,0,organic
3142,1894,2024-12-17,148.66,0,email
3143,1895,2024-09-26,120.27,0,email
3144,1896,2024-04-01,175.25,0,direct_mail
3145,1897,2024-01-06,150.96,0,meta_acquisition
3146,1898,2023-11-23,174.88,0,paid_search_nonbrand
3147,1899,2024-05-15,219.84,0,paid_search_brand
3148,1900,2023-02-13,116.7,0,meta_acquisition
3149,1901,2024-02-17,202.34,0,meta_buyer_file
3150,1901,2024-07-03,248.92,0,direct_mail
3151,1901,2024-10-05,109.68,0,direct_mail
3152,1902,2024-02-14,121.02,0,paid_search_nonbrand
3153,1903,2023-06-04,77.18,0,meta_acquisition
3154,1904,2023-06-03,79.61,0,paid_search_brand
3155,1904,2023-09-12,90.1,0,paid_search_brand
3156,1904,2023-12-05,199.22,0,paid_search_brand
3157,1904,2023-10-22,248.41,0,direct_mail
3158,1905,2024-05-14,55.46,0,organic
3159,1905,2024-12-10,144.87,0,organic
3160,1905,2024-07-19,91.73,0,organic
3161,1906,2023-08-10,47.27,0,paid_search_nonbrand
3162,1906,2023-11-27,190.49,0,paid_search_nonbrand
3163,1906,2024-02-12,66.81,0,direct_mail
3164,1906,2024-01-22,102.02,0,organic
3165,1907,2023-05-12,214.83,0,paid_search_nonbrand
3166,1908,2024-03-03,210.3,0,paid_search_brand
3167,1909,2023-11-17,202.82,0,meta_acquisition
3168,1910,2023-12-15,102.94,0,meta_buyer_file
3169,1910,2024-08-01,179.19,0,direct_mail
3170,1910,2024-07-13,170.42,0,direct_mail
3171,1911,2023-09-13,38.16,1,meta_buyer_file
3172,1912,2023-04-08,70.96,0,paid_search_nonbrand
3173,1913,2024-04-18,200.91,0,meta_acquisition
3174,1913,2024-08-25,211.04,0,organic
3175,1913,2024-11-16,71.48,0,email
3176,1914,2024-04-30,155.79,0,paid_search_brand
3177,1915,2024-05-09,182.14,0,meta_buyer_file
3178,1916,2023-11-18,138.85,0,meta_acquisition
3179,1917,2024-09-03,96.73,0,meta_acquisition
3180,1918,2024-06-20,94.43,0,email
3181,1919,2023-01-12,80.74,0,paid_search_brand
3182,1919,2023-08-25,132.71,0,organic
3183,1919,2023-06-10,210.68,0,direct_mail
3184,1919,2023-06-05,177.7,0,direct_mail
3185,1920,2024-08-31,99.97,0,paid_search_nonbrand
3186,1921,2023-07-22,124.33,0,meta_acquisition
3187,1921,2023-09-21,51.53,0,organic
3188,1922,2024-07-19,69.81,0,meta_buyer_file
3189,1923,2023-01-27,158.11,0,meta_acquisition
3190,1924,2023-02-05,101.7,0,meta_acquisition
3191,1924,2023-03-21,199.01,0,direct_mail
3192,1924,2023-07-12,54.05,0,email
3193,1924,2023-04-11,73.35,0,direct_mail
3194,1925,2023-08-29,108.06,0,direct_mail
3195,1925,2024-04-07,55.31,0,direct_mail
3196,1925,2024-02-14,53.67,0,direct_mail
3197,1926,2024-10-19,166.55,0,email
3198,1927,2023-06-12,204.5,0,direct_mail
3199,1927,2024-01-02,162.69,0,email
3200,1927,2023-12-23,225.44,0,direct_mail
3201,1927,2023-11-11,49.33,0,direct_mail
3202,1928,2023-08-27,212.02,0,organic
3203,1928,2024-04-06,179.55,0,organic
3204,1928,2023-09-30,152.25,0,organic
3205,1929,2024-05-19,170.08,0,direct_mail
3206,1929,2024-11-15,47.92,0,direct_mail
3207,1930,2024-08-19,106.14,0,meta_buyer_file
3208,1931,2024-06-05,73.73,0,organic
3209,1932,2024-10-04,94.25,0,email
3210,1933,2023-06-13,176.98,0,email
3211,1933,2023-10-21,66.22,0,organic
3212,1933,2023-11-05,46.34,0,email
3213,1934,2023-07-29,52.29,0,direct_mail
3214,1935,2023-07-30,144.79,0,direct_mail
3215,1936,2023-08-08,188.13,0,organic
3216,1936,2023-11-04,164.71,0,organic
3217,1936,2023-11-01,152.44,0,organic
3218,1936,2023-09-10,87.61,0,direct_mail
3219,1937,2023-12-08,210.69,0,direct_mail
3220,1937,2024-06-09,205.85,0,direct_mail
3221,1937,2024-05-08,163.38,0,organic
3222,1938,2023-09-12,19.13,1,direct_mail
3223,1938,2024-05-18,42.47,0,organic
3224,1939,2023-01-01,111.75,0,paid_search_brand
3225,1939,2023-05-05,87.37,0,direct_mail
3226,1940,2024-03-09,110.24,0,email
3227,1941,2023-11-01,202.24,0,email
3228,1941,2023-12-31,242.27,0,email
3229,1942,2024-05-02,64.7,0,direct_mail
3230,1942,2024-11-25,162.64,0,organic
3231,1942,2024-06-06,194.63,0,direct_mail
3232,1942,2024-06-17,200.92,0,direct_mail
3233,1943,2023-08-09,49.09,1,direct_mail
3234,1943,2023-12-22,78.51,0,email
3235,1943,2024-02-02,237.43,0,email
3236,1944,2023-10-15,170.8,0,meta_acquisition
3237,1944,2024-01-22,251.9,0,direct_mail
3238,1944,2024-01-13,191.73,0,email
3239,1944,2024-04-28,49.71,0,meta_acquisition
3240,1945,2024-07-26,130.49,0,organic
3241,1946,2023-02-18,60.47,0,paid_search_brand
3242,1947,2024-07-11,160.26,0,direct_mail
3243,1948,2023-05-30,156.88,0,paid_search_nonbrand
3244,1949,2024-01-17,105.8,0,meta_buyer_file
3245,1950,2024-05-21,116.37,0,meta_acquisition
3246,1951,2023-05-21,107.77,0,paid_search_nonbrand
3247,1952,2023-06-18,105.1,0,organic
3248,1953,2023-05-29,139.54,0,meta_acquisition
3249,1953,2023-08-02,254.99,0,direct_mail
3250,1953,2024-01-25,192.51,0,email
3251,1953,2024-01-24,132.17,0,email
3252,1954,2024-05-28,135.92,0,meta_buyer_file
3253,1954,2024-12-14,247.3,0,direct_mail
3254,1954,2024-12-19,196.15,0,organic
3255,1954,2024-10-30,65.72,0,organic
3256,1955,2024-07-15,136.55,0,organic
3257,1956,2024-02-22,217.89,0,meta_acquisition
3258,1957,2023-06-09,201.67,0,email
3259,1957,2024-01-29,63.72,0,direct_mail
3260,1957,2024-02-28,55.89,0,organic
3261,1957,2023-09-08,206.28,0,organic
3262,1958,2023-08-03,61.9,0,meta_buyer_file
3263,1958,2023-11-16,66.64,0,direct_mail
3264,1959,2023-03-15,124.2,0,direct_mail
3265,1960,2024-02-17,149.57,0,direct_mail
3266,1960,2024-07-05,176.24,0,direct_mail
3267,1960,2024-08-27,175.26,0,email
3268,1961,2024-05-18,132.5,0,organic
3269,1962,2024-01-28,179.71,0,email
3270,1963,2023-12-26,164.85,0,organic
3271,1963,2024-08-06,239.29,0,organic
3272,1963,2024-03-29,159.62,0,email
3273,1964,2023-09-09,170.23,0,meta_acquisition
3274,1965,2023-12-12,65.16,1,paid_search_brand
3275,1965,2024-08-16,139.26,0,paid_search_brand
3276,1965,2024-02-04,42.26,0,direct_mail
3277,1965,2024-06-10,229.8,0,email
3278,1966,2024-06-02,132.86,0,paid_search_nonbrand
3279,1967,2024-02-02,138.74,0,email
3280,1967,2024-08-28,153.68,0,direct_mail
3281,1968,2024-04-07,73.48,0,paid_search_brand
3282,1968,2024-10-29,74.06,0,email
3283,1969,2023-07-23,88.58,0,meta_buyer_file
3284,1970,2024-10-31,180.18,0,organic
3285,1971,2024-08-20,85.03,0,email
3286,1972,2023-04-29,69.36,0,direct_mail
3287,1973,2024-07-30,131.83,0,direct_mail
3288,1974,2024-06-21,109.45,0,organic
3289,1975,2023-02-04,142.52,0,paid_search_brand
3290,1975,2023-10-16,248.71,0,organic
3291,1975,2023-07-05,128.29,0,direct_mail
3292,1976,2023-05-21,73.35,0,direct_mail
3293,1977,2024-04-01,140.54,0,meta_acquisition
3294,1978,2023-07-09,19.58,1,meta_acquisition
3295,1978,2023-09-11,204.26,0,meta_acquisition
3296,1978,2023-08-10,121.81,0,email
3297,1979,2023-04-26,91.53,0,meta_buyer_file
3298,1979,2023-08-15,242.56,0,meta_buyer_file
3299,1980,2023-08-07,128.08,0,direct_mail
3300,1980,2024-01-25,179.35,0,email
3301,1980,2023-10-13,186.76,0,direct_mail
3302,1981,2023-03-11,218.23,0,meta_buyer_file
3303,1981,2023-10-19,130.97,0,organic
3304,1981,2023-12-06,89.58,0,organic
3305,1981,2023-07-23,53.13,0,meta_buyer_file
3306,1982,2023-02-13,54.48,1,email
3307,1983,2024-01-18,151.13,0,paid_search_nonbrand
3308,1984,2023-05-11,211.14,0,meta_buyer_file
3309,1984,2023-07-20,93.09,0,organic
3310,1984,2023-10-15,210.08,0,meta_buyer_file
3311,1984,2023-11-10,46.8,0,email
3312,1985,2024-07-29,201.04,0,direct_mail
3313,1986,2024-01-14,94.15,0,paid_search_brand
3314,1987,2023-12-16,138.68,0,paid_search_brand
3315,1987,2024-05-24,147.31,0,direct_mail
3316,1987,2024-05-14,114.16,0,paid_search_brand
3317,1988,2023-12-17,152.86,0,meta_buyer_file
3318,1989,2023-10-05,149.03,0,email
3319,1990,2023-11-28,144.05,0,organic
3320,1990,2024-05-08,188.74,0,organic
3321,1990,2024-03-04,171.51,0,direct_mail
3322,1991,2024-09-19,69.37,0,organic
3323,1992,2024-01-06,141.76,0,meta_acquisition
3324,1993,2024-06-16,171.8,0,direct_mail
3325,1994,2023-07-30,155.85,0,meta_acquisition
3326,1995,2024-05-23,113.54,0,paid_search_nonbrand
3327,1996,2024-04-15,70.61,0,meta_buyer_file
3328,1996,2024-12-09,161.15,0,meta_buyer_file
3329,1996,2024-05-15,54.64,0,organic
3330,1997,2024-05-21,218.4,0,paid_search_nonbrand
3331,1997,2024-10-05,83.82,0,email
3332,1997,2024-10-07,178.18,0,paid_search_nonbrand
3333,1997,2024-11-19,63.78,0,paid_search_nonbrand
3334,1998,2024-02-01,69.45,0,paid_search_brand
3335,1999,2023-02-25,57.3,0,direct_mail
3336,1999,2023-10-13,61.1,0,direct_mail
3337,2000,2023-07-29,160.55,0,direct_mail
3338,2000,2024-02-28,100.98,0,direct_mail
3339,2000,2023-10-28,90.71,0,organic
3340,2000,2024-04-21,161.58,0,direct_mail
3341,2001,2023-06-05,147.22,0,direct_mail
3342,2001,2023-08-26,159.18,0,email
3343,2001,2024-03-05,75.29,0,organic
3344,2002,2024-05-12,88.08,0,direct_mail
3345,2002,2024-07-23,236.21,0,direct_mail
3346,2002,2024-08-21,63.63,0,direct_mail
3347,2002,2024-11-29,107.87,0,direct_mail
3348,2003,2024-04-01,62.56,0,direct_mail
3349,2004,2024-03-29,200.42,0,direct_mail
3350,2005,2023-01-24,92.55,0,meta_buyer_file
3351,2006,2024-06-20,48.63,0,paid_search_nonbrand
3352,2007,2024-03-28,110.27,0,meta_acquisition
3353,2008,2024-01-22,115.7,0,direct_mail
3354,2008,2024-04-24,197.29,0,direct_mail
3355,2008,2024-05-28,172.1,0,direct_mail
3356,2009,2023-01-25,143.58,0,meta_acquisition
3357,2009,2023-09-16,44.81,0,organic
3358,2009,2023-05-27,123.81,0,meta_acquisition
3359,2009,2023-06-15,199.32,0,meta_acquisition
3360,2010,2023-04-02,105.94,0,paid_search_nonbrand
3361,2011,2023-09-24,74.49,0,meta_buyer_file
3362,2012,2024-09-05,23.77,1,meta_buyer_file
3363,2013,2023-02-19,60.75,0,email
3364,2013,2023-08-09,51.01,0,email
3365,2013,2023-08-02,245.04,0,email
3366,2013,2023-04-28,104.49,0,email
3367,2014,2023-10-13,77.55,0,email
3368,2014,2024-01-10,231.8,0,email
3369,2015,2024-08-09,182.25,0,meta_acquisition
3370,2016,2023-06-30,127.29,0,paid_search_brand
3371,2016,2024-02-21,251.5,0,email
3372,2017,2023-03-10,92.08,0,email
3373,2018,2024-04-18,109.56,0,meta_buyer_file
3374,2019,2023-07-11,46.53,0,paid_search_brand
3375,2020,2024-06-09,132.66,0,email
3376,2021,2023-06-21,72.28,0,direct_mail
3377,2022,2024-01-12,93.87,0,meta_buyer_file
3378,2022,2024-08-11,94.61,0,email
3379,2023,2023-03-10,68.78,0,organic
3380,2024,2024-05-16,114.13,0,meta_acquisition
3381,2025,2024-06-21,158.29,0,meta_buyer_file
3382,2026,2024-08-14,176.14,0,meta_acquisition
3383,2027,2024-02-22,195.14,0,direct_mail
3384,2027,2024-08-23,258.84,0,organic
3385,2028,2023-04-29,117.17,0,meta_acquisition
3386,2029,2023-11-19,176.3,0,meta_buyer_file
3387,2030,2023-05-31,148.33,0,paid_search_nonbrand
3388,2030,2023-10-09,93.79,0,email
3389,2030,2024-02-15,89.96,0,paid_search_nonbrand
3390,2031,2023-09-16,126.61,0,meta_buyer_file
3391,2032,2024-04-19,212.93,0,direct_mail
3392,2033,2023-04-14,54.3,0,paid_search_brand
3393,2033,2023-12-23,135.34,0,organic
3394,2033,2023-08-12,220.64,0,paid_search_brand
3395,2033,2023-05-24,245.47,0,paid_search_brand
3396,2034,2023-03-11,78.86,0,paid_search_nonbrand
3397,2034,2023-05-17,203.75,0,organic
3398,2035,2023-03-03,83.27,0,direct_mail
3399,2035,2023-06-26,215.67,0,direct_mail
3400,2035,2023-06-29,176.79,0,organic
3401,2036,2024-01-12,135.47,0,direct_mail
3402,2036,2024-05-31,208.0,0,email
3403,2036,2024-07-30,211.45,0,email
3404,2037,2023-06-07,111.14,0,organic
3405,2038,2024-10-12,69.89,0,paid_search_brand
3406,2039,2024-02-08,15.81,1,paid_search_brand
3407,2039,2024-08-01,82.61,0,direct_mail
3408,2039,2024-06-26,160.35,0,organic
3409,2040,2023-08-04,56.59,0,direct_mail
3410,2040,2024-03-22,54.54,0,direct_mail
3411,2040,2024-04-24,255.86,0,direct_mail
3412,2041,2023-04-27,125.43,0,direct_mail
3413,2042,2024-01-17,212.24,0,email
3414,2043,2023-12-05,102.14,0,meta_acquisition
3415,2044,2024-08-26,93.82,0,meta_buyer_file
3416,2045,2023-08-20,120.93,0,email
3417,2046,2023-11-04,171.75,0,meta_buyer_file
3418,2047,2023-11-04,90.09,0,email
3419,2048,2023-08-13,88.53,0,organic
3420,2049,2024-07-09,117.21,0,meta_buyer_file
3421,2050,2023-11-03,73.43,0,direct_mail
3422,2051,2023-03-09,207.07,0,email
3423,2051,2023-05-17,131.13,0,email
3424,2051,2023-07-02,246.27,0,email
3425,2052,2023-11-12,198.84,0,paid_search_brand
3426,2053,2024-08-25,120.27,0,direct_mail
3427,2053,2024-12-19,75.02,0,organic
3428,2054,2024-08-30,59.5,0,paid_search_nonbrand
3429,2055,2023-01-09,119.99,0,direct_mail
3430,2056,2024-10-25,53.99,0,direct_mail
3431,2057,2024-01-11,205.66,0,meta_acquisition
3432,2058,2023-03-31,201.25,0,direct_mail
3433,2058,2023-05-21,257.4,0,email
3434,2058,2023-11-26,242.96,0,direct_mail
3435,2058,2023-12-15,125.99,0,direct_mail
3436,2059,2023-04-21,96.0,0,paid_search_brand
3437,2059,2023-08-01,70.5,0,paid_search_brand
3438,2059,2023-10-23,227.53,0,direct_mail
3439,2059,2023-11-01,210.74,0,email
3440,2060,2024-05-23,49.67,1,meta_acquisition
3441,2061,2023-06-16,186.8,0,meta_acquisition
3442,2062,2023-10-28,187.56,0,meta_acquisition
3443,2063,2023-11-13,81.85,0,meta_acquisition
3444,2064,2023-02-07,147.84,0,direct_mail
3445,2064,2023-04-10,72.85,0,email
3446,2064,2023-05-20,209.48,0,organic
3447,2065,2024-08-16,129.28,0,paid_search_brand
3448,2066,2024-07-19,97.95,0,meta_acquisition
3449,2067,2023-02-04,113.39,0,paid_search_nonbrand
3450,2067,2023-06-13,81.04,0,paid_search_nonbrand
3451,2067,2023-07-02,184.83,0,paid_search_nonbrand
3452,2068,2023-11-28,187.76,0,paid_search_nonbrand
3453,2069,2023-11-19,176.51,0,organic
3454,2069,2024-08-19,95.13,0,email
3455,2070,2024-05-13,103.55,0,email
3456,2070,2024-11-13,148.98,0,organic
3457,2071,2023-07-27,118.13,0,meta_acquisition
3458,2072,2023-12-18,33.08,1,email
3459,2073,2024-05-28,70.87,0,direct_mail
3460,2074,2024-06-01,113.37,0,paid_search_brand
3461,2075,2024-09-18,179.7,0,direct_mail
3462,2076,2024-07-14,219.44,0,paid_search_brand
3463,2076,2024-11-25,169.65,0,email
3464,2077,2024-04-30,118.02,0,email
3465,2078,2024-08-08,100.16,0,paid_search_brand
3466,2079,2023-11-04,194.13,0,organic
3467,2080,2024-08-16,91.44,0,paid_search_brand
3468,2080,2024-11-15,127.34,0,paid_search_brand
3469,2080,2024-09-27,250.9,0,organic
3470,2081,2024-07-02,140.65,0,email
3471,2082,2024-10-17,179.56,0,email
3472,2083,2024-08-17,160.73,0,direct_mail
3473,2084,2024-02-03,102.5,0,meta_buyer_file
3474,2084,2024-06-21,57.53,0,direct_mail
3475,2084,2024-11-01,145.57,0,email
3476,2084,2024-04-06,244.84,0,organic
3477,2085,2023-06-23,162.57,0,meta_acquisition
3478,2086,2023-07-28,108.25,0,meta_acquisition
3479,2087,2024-07-09,156.83,0,meta_acquisition
3480,2088,2023-01-04,56.55,0,organic
3481,2089,2023-10-04,64.84,0,organic
3482,2089,2024-03-01,152.37,0,organic
3483,2089,2024-04-22,175.16,0,email
3484,2089,2024-02-02,213.58,0,organic
3485,2090,2023-06-30,78.13,0,paid_search_nonbrand
3486,2091,2024-09-27,183.83,0,email
3487,2092,2023-06-14,165.67,0,meta_buyer_file
3488,2093,2024-10-08,104.53,0,paid_search_nonbrand
3489,2094,2023-04-17,180.78,0,email
3490,2094,2023-10-27,146.35,0,email
3491,2094,2024-01-21,258.46,0,direct_mail
3492,2094,2023-12-16,184.55,0,email
3493,2095,2024-07-24,112.77,0,email
3494,2095,2024-09-01,139.64,0,email
3495,2096,2024-08-07,217.84,0,paid_search_nonbrand
3496,2097,2024-03-01,46.3,0,email
3497,2098,2023-05-18,149.06,0,email
3498,2098,2023-10-16,148.76,0,organic
3499,2099,2023-05-03,50.68,0,meta_acquisition
3500,2100,2023-11-16,35.85,1,meta_buyer_file
3501,2100,2024-06-03,252.1,0,direct_mail
3502,2100,2024-06-11,96.82,0,meta_buyer_file
3503,2101,2023-06-06,193.7,0,paid_search_brand
3504,2102,2024-01-08,98.97,0,direct_mail
3505,2102,2024-04-30,80.65,0,email
3506,2102,2024-09-16,70.23,0,email
3507,2103,2024-01-07,215.56,0,direct_mail
3508,2103,2024-03-23,166.81,0,email
3509,2104,2023-08-26,99.51,0,direct_mail
3510,2105,2023-03-23,141.06,0,email
3511,2106,2023-11-01,160.13,0,organic
3512,2107,2023-02-11,198.64,0,paid_search_brand
3513,2107,2023-03-26,70.12,0,email
3514,2107,2023-11-10,247.83,0,email
3515,2107,2023-04-09,236.11,0,email
3516,2108,2024-04-25,116.05,0,email
3517,2109,2023-09-11,74.47,0,direct_mail
3518,2110,2023-04-17,47.95,0,meta_acquisition
3519,2111,2023-06-23,188.88,0,meta_acquisition
3520,2111,2023-07-24,189.91,0,organic
3521,2111,2023-12-17,214.83,0,direct_mail
3522,2112,2024-05-19,55.39,0,meta_buyer_file
3523,2113,2023-07-17,96.22,0,email
3524,2114,2024-02-26,95.34,0,organic
3525,2115,2023-05-08,89.62,0,meta_acquisition
3526,2115,2023-09-18,169.96,0,organic
3527,2116,2023-05-12,187.53,0,meta_buyer_file
3528,2117,2023-09-12,52.04,0,direct_mail
3529,2118,2023-03-15,68.27,0,meta_acquisition
3530,2119,2024-08-11,81.79,0,direct_mail
3531,2120,2024-02-28,81.11,0,direct_mail
3532,2121,2023-05-07,101.89,0,email
3533,2122,2023-10-09,80.27,0,paid_search_nonbrand
3534,2122,2023-12-26,231.39,0,direct_mail
3535,2122,2024-03-12,147.56,0,organic
3536,2123,2024-03-23,45.54,0,direct_mail
3537,2123,2024-10-30,140.92,0,organic
3538,2124,2023-07-28,199.23,0,paid_search_nonbrand
3539,2124,2024-03-10,43.03,0,email
3540,2124,2024-01-24,139.97,0,organic
3541,2125,2024-10-21,80.16,0,paid_search_brand
3542,2126,2024-02-04,129.06,0,paid_search_brand
3543,2126,2024-08-17,146.9,0,direct_mail
3544,2127,2024-07-18,208.45,0,meta_buyer_file
3545,2128,2024-06-18,62.3,0,paid_search_brand
3546,2129,2023-11-14,48.55,0,email
3547,2130,2023-09-05,89.12,0,organic
3548,2131,2024-07-23,145.52,0,email
3549,2132,2024-10-04,137.46,0,meta_buyer_file
3550,2133,2024-07-21,104.73,0,paid_search_nonbrand
3551,2133,2024-11-06,198.59,0,paid_search_nonbrand
3552,2133,2024-10-23,193.13,0,organic
3553,2134,2023-07-24,162.22,0,meta_acquisition
3554,2135,2024-01-01,127.57,0,direct_mail
3555,2135,2024-09-06,113.95,0,direct_mail
3556,2136,2023-09-04,131.3,0,meta_buyer_file
3557,2137,2023-03-20,201.79,0,direct_mail
3558,2138,2023-07-29,138.62,0,meta_buyer_file
3559,2138,2023-12-18,198.05,0,direct_mail
3560,2138,2024-03-03,87.2,0,organic
3561,2138,2023-09-21,48.06,0,email
3562,2139,2024-08-24,218.48,0,paid_search_nonbrand
3563,2140,2023-08-03,206.62,0,direct_mail
3564,2140,2024-03-22,171.63,0,direct_mail
3565,2140,2023-09-13,144.72,0,organic
3566,2141,2024-07-08,177.53,0,direct_mail
3567,2142,2024-05-16,82.86,0,email
3568,2142,2024-10-21,168.23,0,organic
3569,2143,2023-01-01,106.07,0,paid_search_nonbrand
3570,2144,2023-06-18,62.06,0,direct_mail
3571,2144,2023-09-05,77.86,0,direct_mail
3572,2144,2023-09-15,202.24,0,direct_mail
3573,2145,2023-07-20,79.59,0,email
3574,2145,2023-10-15,176.1,0,email
3575,2145,2023-09-18,199.66,0,direct_mail
3576,2146,2024-01-11,199.03,0,meta_acquisition
3577,2147,2023-06-07,190.88,0,meta_acquisition
3578,2148,2023-06-25,138.28,0,paid_search_nonbrand
3579,2149,2023-04-22,72.57,0,direct_mail
3580,2149,2023-07-19,193.93,0,direct_mail
3581,2149,2023-07-29,197.01,0,organic
3582,2150,2024-04-08,219.51,0,direct_mail
3583,2151,2024-04-04,151.92,0,paid_search_nonbrand
3584,2151,2024-10-06,87.11,0,email
3585,2151,2024-06-23,129.28,0,paid_search_nonbrand
3586,2152,2024-07-02,60.93,0,meta_buyer_file
3587,2153,2023-05-10,85.2,0,organic
3588,2154,2023-04-26,114.06,0,meta_buyer_file
3589,2155,2023-05-19,76.46,0,direct_mail
3590,2156,2023-09-04,133.97,0,organic
3591,2157,2023-09-05,59.62,0,meta_buyer_file
3592,2157,2023-12-29,160.76,0,direct_mail
3593,2157,2023-10-16,134.1,0,direct_mail
3594,2158,2023-05-24,83.59,0,email
3595,2159,2024-10-01,118.87,0,paid_search_nonbrand
3596,2160,2023-06-18,218.73,0,meta_acquisition
3597,2160,2024-02-02,46.01,0,email
3598,2161,2023-02-01,73.86,0,direct_mail
3599,2162,2023-03-25,78.32,0,direct_mail
3600,2162,2023-10-06,121.74,0,email
3601,2162,2023-10-25,72.95,0,organic
3602,2162,2023-07-13,123.39,0,email
3603,2163,2024-05-31,176.69,0,meta_acquisition
3604,2163,2024-11-30,186.99,0,meta_acquisition
3605,2164,2023-10-22,204.29,0,meta_buyer_file
3606,2164,2024-03-28,176.76,0,email
3607,2164,2024-02-09,123.48,0,email
3608,2165,2024-06-03,49.59,0,paid_search_nonbrand
3609,2166,2023-09-09,156.42,0,paid_search_nonbrand
3610,2167,2023-10-09,115.91,0,meta_buyer_file
3611,2167,2024-05-30,99.27,0,direct_mail
3612,2168,2023-11-26,53.57,0,paid_search_nonbrand
3613,2168,2024-03-31,200.51,0,email
3614,2168,2024-06-03,143.35,0,paid_search_nonbrand
3615,2168,2024-02-17,92.89,0,paid_search_nonbrand
3616,2169,2024-09-24,219.78,0,paid_search_nonbrand
3617,2170,2024-06-22,56.29,0,direct_mail
3618,2171,2024-02-06,137.5,0,paid_search_brand
3619,2172,2023-01-06,173.32,0,paid_search_brand
3620,2173,2024-07-14,132.23,0,organic
3621,2174,2024-01-23,77.84,0,meta_acquisition
3622,2175,2023-09-06,56.47,0,direct_mail
3623,2176,2023-10-30,136.3,0,meta_acquisition
3624,2177,2023-11-11,72.75,0,paid_search_nonbrand
3625,2178,2023-05-14,171.91,0,paid_search_nonbrand
3626,2178,2024-02-13,211.22,0,email
3627,2178,2023-10-09,232.16,0,paid_search_nonbrand
3628,2179,2023-10-26,155.54,0,organic
3629,2180,2024-01-18,196.6,0,email
3630,2180,2024-08-19,188.67,0,organic
3631,2181,2024-07-10,96.42,0,meta_acquisition
3632,2182,2023-01-24,127.22,0,meta_acquisition
3633,2183,2023-10-25,213.0,0,meta_buyer_file
3634,2184,2023-01-24,172.89,0,email
3635,2185,2024-05-27,190.32,0,meta_buyer_file
3636,2186,2023-05-18,190.56,0,meta_buyer_file
3637,2187,2023-02-08,156.84,0,paid_search_brand
3638,2187,2023-10-30,87.55,0,organic
3639,2188,2023-07-18,90.1,0,email
3640,2189,2024-02-09,186.17,0,meta_acquisition
3641,2189,2024-08-10,140.04,0,meta_acquisition
3642,2189,2024-09-10,233.29,0,email
3643,2189,2024-07-27,50.63,0,direct_mail
3644,2190,2023-09-04,155.4,0,meta_acquisition
3645,2190,2024-03-16,111.06,0,direct_mail
3646,2190,2023-10-14,234.12,0,email
3647,2191,2023-03-20,205.67,0,organic
3648,2192,2023-12-02,61.68,0,organic
3649,2193,2024-07-19,41.03,1,meta_acquisition
3650,2194,2023-08-02,65.86,1,email
3651,2194,2023-09-29,160.94,0,email
3652,2194,2023-11-02,191.45,0,organic
3653,2195,2024-04-28,132.04,0,meta_acquisition
3654,2196,2024-09-02,171.84,0,direct_mail
3655,2197,2023-08-07,151.7,0,paid_search_nonbrand
3656,2198,2023-03-20,57.41,0,paid_search_brand
3657,2199,2024-08-11,139.37,0,paid_search_brand
3658,2200,2024-05-03,49.62,0,paid_search_nonbrand
3659,2201,2023-07-19,171.52,0,direct_mail
3660,2202,2024-06-01,87.02,0,direct_mail
3661,2202,2024-07-24,96.13,0,email
3662,2203,2023-10-29,138.82,0,direct_mail
3663,2203,2024-05-07,44.68,0,organic
3664,2203,2024-01-27,148.32,0,direct_mail
3665,2204,2024-03-14,183.38,0,paid_search_nonbrand
3666,2205,2023-04-30,119.64,0,email
3667,2206,2023-07-17,54.69,0,email
3668,2206,2024-03-29,173.63,0,email
3669,2206,2023-11-22,73.88,0,email
3670,2207,2023-03-16,175.4,0,paid_search_nonbrand
3671,2207,2023-06-19,237.45,0,organic
3672,2208,2023-02-23,134.09,0,email
3673,2209,2024-05-12,129.92,0,meta_acquisition
3674,2210,2023-05-27,217.19,0,meta_acquisition
3675,2211,2023-02-11,98.2,0,direct_mail
3676,2212,2024-04-03,104.96,0,email
3677,2213,2024-07-17,137.51,0,meta_acquisition
3678,2214,2024-10-22,171.68,0,paid_search_nonbrand
3679,2215,2024-04-07,48.16,0,meta_acquisition
3680,2216,2024-08-01,56.35,0,meta_acquisition
3681,2217,2023-01-17,124.29,0,meta_acquisition
3682,2218,2024-02-17,168.58,0,email
3683,2219,2024-10-01,110.78,0,meta_buyer_file
3684,2220,2024-09-11,175.55,0,email
3685,2221,2024-04-12,136.39,0,direct_mail
3686,2222,2024-08-16,211.59,0,paid_search_nonbrand
3687,2223,2023-04-16,180.15,0,paid_search_brand
3688,2224,2023-07-19,200.84,0,organic
3689,2225,2023-08-17,69.73,0,paid_search_brand
3690,2226,2024-07-27,54.59,0,organic
3691,2226,2024-12-25,74.1,0,email
3692,2226,2024-12-21,208.03,0,email
3693,2227,2024-03-28,82.78,0,direct_mail
3694,2228,2023-08-22,83.57,0,meta_buyer_file
3695,2229,2024-01-06,202.24,0,meta_acquisition
3696,2230,2024-07-28,191.29,0,email
3697,2231,2023-12-19,200.27,0,organic
3698,2231,2024-06-10,174.2,0,organic
3699,2231,2024-01-25,160.84,0,direct_mail
3700,2231,2024-04-30,169.91,0,organic
3701,2232,2024-07-11,120.98,0,meta_acquisition
3702,2233,2024-01-27,105.33,0,meta_buyer_file
3703,2234,2023-08-10,129.34,0,direct_mail
3704,2235,2023-05-30,186.27,0,email
3705,2235,2023-09-01,225.53,0,organic
3706,2236,2024-02-13,87.11,0,meta_buyer_file
3707,2236,2024-05-22,177.73,0,email
3708,2236,2024-10-18,46.48,0,direct_mail
3709,2236,2024-07-14,205.51,0,email
3710,2237,2023-01-07,134.93,0,meta_acquisition
3711,2238,2024-02-03,54.65,0,direct_mail
3712,2239,2024-05-30,59.21,0,direct_mail
3713,2240,2023-01-27,56.59,0,direct_mail
3714,2241,2023-10-13,155.23,0,direct_mail
3715,2242,2023-02-25,180.39,0,paid_search_nonbrand
3716,2243,2024-08-19,157.36,0,organic
3717,2243,2024-11-13,180.25,0,organic
3718,2243,2024-09-22,237.06,0,organic
3719,2244,2024-03-29,113.38,0,meta_acquisition
3720,2245,2023-05-24,178.52,0,meta_acquisition
3721,2245,2023-09-19,44.28,0,email
3722,2246,2024-05-18,189.55,0,meta_acquisition
3723,2247,2023-06-14,208.18,0,meta_buyer_file
3724,2248,2023-01-24,136.7,0,paid_search_nonbrand
3725,2248,2023-04-14,84.59,0,direct_mail
3726,2249,2023-04-02,211.98,0,organic
3727,2250,2023-06-25,205.27,0,direct_mail
3728,2250,2023-11-20,42.34,0,direct_mail
3729,2251,2023-04-15,73.59,0,direct_mail
3730,2251,2023-07-14,221.54,0,organic
3731,2251,2023-06-17,142.9,0,organic
3732,2252,2024-01-21,83.19,0,direct_mail
3733,2253,2023-10-31,148.7,0,paid_search_brand
3734,2253,2024-02-20,50.51,0,paid_search_brand
3735,2253,2024-02-13,152.26,0,email
3736,2253,2024-03-19,100.59,0,email
3737,2254,2023-08-31,164.36,0,paid_search_nonbrand
3738,2255,2024-07-01,69.81,0,direct_mail
3739,2256,2024-06-09,23.3,1,direct_mail
3740,2257,2024-05-18,148.07,0,organic
3741,2257,2024-08-22,154.27,0,organic
3742,2258,2023-06-25,104.52,0,meta_buyer_file
3743,2259,2024-09-13,177.63,0,paid_search_nonbrand
3744,2259,2024-12-14,232.86,0,direct_mail
3745,2260,2023-11-23,104.23,0,paid_search_nonbrand
3746,2261,2023-01-24,167.99,0,meta_buyer_file
3747,2262,2024-02-17,219.03,0,meta_acquisition
3748,2263,2024-02-17,131.88,0,email
3749,2264,2023-05-31,47.71,0,email
3750,2264,2023-07-21,184.96,0,direct_mail
3751,2265,2023-07-04,106.13,0,paid_search_brand
3752,2265,2024-01-23,232.16,0,organic
3753,2265,2023-08-06,211.0,0,paid_search_brand
3754,2266,2023-04-18,115.86,0,meta_acquisition
3755,2266,2023-12-01,246.15,0,email
3756,2266,2023-10-11,70.52,0,meta_acquisition
3757,2266,2024-01-21,140.48,0,email
3758,2267,2024-07-24,180.2,0,meta_acquisition
3759,2268,2024-09-15,182.09,0,meta_buyer_file
3760,2269,2023-05-10,51.61,0,organic
3761,2269,2023-12-03,200.52,0,organic
3762,2269,2024-02-13,198.22,0,organic
3763,2269,2023-10-16,253.19,0,direct_mail
3764,2270,2023-11-02,104.1,0,organic
3765,2271,2024-10-06,59.7,0,direct_mail
3766,2272,2024-06-03,186.8,0,paid_search_nonbrand
3767,2273,2024-03-27,206.64,0,direct_mail
3768,2273,2024-08-03,145.07,0,direct_mail
3769,2273,2024-05-02,245.46,0,direct_mail
3770,2274,2023-10-09,58.65,0,paid_search_nonbrand
3771,2275,2024-04-17,138.13,0,meta_buyer_file
3772,2275,2024-10-11,241.37,0,meta_buyer_file
3773,2275,2024-11-16,226.01,0,direct_mail
3774,2275,2024-08-06,153.55,0,direct_mail
3775,2276,2024-05-20,51.68,0,organic
3776,2276,2024-06-19,127.69,0,direct_mail
3777,2276,2024-12-10,177.54,0,direct_mail
3778,2276,2024-09-21,51.41,0,organic
3779,2277,2023-01-31,196.86,0,meta_acquisition
3780,2278,2024-09-26,37.47,1,paid_search_nonbrand
3781,2279,2023-06-21,139.81,0,paid_search_brand
3782,2279,2023-09-27,95.27,0,paid_search_brand
3783,2279,2023-11-15,170.59,0,direct_mail
3784,2280,2023-05-24,187.66,0,paid_search_nonbrand
3785,2281,2024-10-11,164.62,0,organic
3786,2282,2024-02-05,83.88,0,email
3787,2283,2024-08-09,104.53,0,organic
3788,2284,2023-12-02,178.26,0,direct_mail
3789,2285,2023-07-02,105.09,0,organic
3790,2286,2024-02-18,83.79,0,organic
3791,2286,2024-10-05,191.02,0,email
3792,2286,2024-05-15,229.3,0,email
3793,2286,2024-08-09,196.34,0,organic
3794,2287,2024-01-10,158.02,0,direct_mail
3795,2288,2024-07-26,151.73,0,paid_search_nonbrand
3796,2289,2023-10-22,84.24,0,email
3797,2290,2023-05-03,201.43,0,email
3798,2290,2024-01-21,145.87,0,email
3799,2291,2023-06-18,136.27,0,direct_mail
3800,2292,2023-10-03,60.05,0,email
3801,2292,2024-01-24,104.6,0,email
3802,2293,2023-12-01,80.4,0,email
3803,2293,2024-08-13,87.18,0,email
3804,2293,2024-04-30,200.13,0,email
3805,2293,2024-02-29,215.74,0,email
3806,2294,2023-11-21,212.97,0,direct_mail
3807,2295,2024-10-20,94.61,0,email
3808,2296,2024-04-12,137.61,0,paid_search_nonbrand
3809,2297,2024-06-20,55.52,0,meta_buyer_file
3810,2297,2024-07-21,99.77,0,direct_mail
3811,2297,2024-09-18,225.83,0,organic
3812,2298,2024-02-16,68.95,0,direct_mail
3813,2299,2024-03-14,212.22,0,paid_search_nonbrand
3814,2300,2024-03-01,123.71,0,email
3815,2300,2024-05-05,148.4,0,organic
3816,2301,2024-06-06,174.64,0,paid_search_nonbrand
3817,2302,2023-12-14,118.84,0,meta_acquisition
3818,2303,2024-09-20,132.86,0,paid_search_brand
3819,2304,2023-05-02,187.17,0,organic
3820,2304,2024-01-25,227.22,0,email
3821,2305,2023-02-13,98.7,0,direct_mail
3822,2306,2023-08-26,86.37,0,direct_mail
3823,2307,2023-04-29,196.98,0,email
3824,2307,2023-09-29,47.43,0,direct_mail
3825,2307,2023-11-07,179.26,0,direct_mail
3826,2308,2023-04-13,94.76,0,paid_search_brand
3827,2309,2024-01-31,219.14,0,meta_acquisition
3828,2310,2023-08-16,202.3,0,paid_search_nonbrand
3829,2311,2023-10-27,21.36,1,meta_acquisition
3830,2312,2024-06-11,168.14,0,organic
3831,2313,2023-03-13,185.94,0,meta_buyer_file
3832,2314,2023-04-19,78.32,0,meta_acquisition
3833,2314,2023-12-29,225.06,0,email
3834,2315,2024-10-03,61.21,0,paid_search_brand
3835,2316,2023-09-08,130.67,0,paid_search_nonbrand
3836,2317,2023-12-20,73.89,0,direct_mail
3837,2317,2024-07-07,140.33,0,direct_mail
3838,2318,2023-12-25,101.15,0,meta_buyer_file
3839,2318,2024-04-01,146.44,0,meta_buyer_file
3840,2318,2024-03-03,229.8,0,email
3841,2318,2024-04-16,71.34,0,email
3842,2319,2024-06-07,194.6,0,email
3843,2320,2024-07-21,62.89,0,paid_search_brand
3844,2321,2024-03-26,157.95,0,organic
3845,2322,2023-08-09,182.76,0,direct_mail
3846,2323,2024-08-19,212.42,0,organic
3847,2324,2023-06-26,212.16,0,direct_mail
3848,2324,2024-03-07,77.66,0,email
3849,2324,2024-01-29,133.96,0,organic
3850,2325,2024-08-22,98.06,0,direct_mail
3851,2325,2024-12-13,183.73,0,direct_mail
3852,2326,2024-08-14,139.53,0,email
3853,2327,2023-10-01,130.59,0,paid_search_nonbrand
3854,2328,2024-05-19,186.44,0,direct_mail
3855,2329,2024-08-07,196.45,0,paid_search_nonbrand
3856,2330,2024-05-25,171.88,0,meta_acquisition
3857,2331,2024-08-19,77.69,0,paid_search_nonbrand
3858,2331,2024-12-11,94.23,0,paid_search_nonbrand
3859,2332,2024-06-23,170.78,0,organic
3860,2333,2023-12-01,211.47,0,direct_mail
3861,2333,2024-02-07,46.18,0,email
3862,2334,2023-05-18,114.5,0,email
3863,2335,2024-07-15,51.59,0,direct_mail
3864,2336,2024-05-15,209.45,0,meta_acquisition
3865,2337,2024-06-02,121.71,0,email
3866,2338,2024-01-17,107.54,0,meta_acquisition
3867,2339,2023-03-04,206.45,0,email
3868,2340,2023-02-11,93.67,0,direct_mail
3869,2341,2024-10-22,145.22,0,direct_mail
3870,2341,2024-12-08,116.32,0,direct_mail
3871,2342,2023-08-04,144.84,0,email
3872,2342,2024-02-14,166.98,0,organic
3873,2343,2023-01-25,79.8,0,direct_mail
3874,2344,2024-06-07,152.11,0,direct_mail
3875,2344,2024-11-04,58.18,0,direct_mail
3876,2344,2024-07-30,173.91,0,email
3877,2345,2023-05-29,155.83,0,paid_search_nonbrand
3878,2345,2023-07-28,230.68,0,paid_search_nonbrand
3879,2346,2024-02-24,160.53,0,meta_buyer_file
3880,2347,2023-04-02,111.95,0,direct_mail
3881,2348,2023-02-12,171.29,0,direct_mail
3882,2349,2024-06-25,208.17,0,email
3883,2350,2023-08-08,145.08,0,direct_mail
3884,2350,2023-09-10,185.27,0,direct_mail
3885,2350,2024-02-20,232.91,0,organic
3886,2350,2024-03-23,154.62,0,direct_mail
3887,2351,2023-10-16,18.23,1,direct_mail
3888,2352,2024-02-09,69.61,0,meta_acquisition
3889,2352,2024-06-01,256.04,0,direct_mail
3890,2352,2024-08-09,103.08,0,direct_mail
3891,2352,2024-03-14,224.8,0,direct_mail
3892,2353,2024-01-11,106.25,0,organic
3893,2354,2024-11-01,207.87,0,direct_mail
3894,2355,2023-12-20,166.55,0,direct_mail
3895,2355,2024-03-17,253.15,0,email
3896,2356,2023-05-26,119.18,0,paid_search_brand
3897,2356,2023-10-02,107.53,0,direct_mail
3898,2356,2023-08-18,226.2,0,organic
3899,2357,2023-03-18,54.37,1,organic
3900,2358,2023-02-25,108.32,0,paid_search_nonbrand
3901,2358,2023-06-06,53.27,0,email
3902,2358,2023-07-18,198.15,0,email
3903,2359,2024-03-17,148.39,0,paid_search_nonbrand
3904,2359,2024-08-29,183.02,0,email
3905,2359,2024-07-12,110.28,0,direct_mail
3906,2360,2024-10-08,83.82,0,meta_acquisition
3907,2361,2023-09-13,47.95,0,direct_mail
3908,2362,2024-05-23,179.47,0,meta_buyer_file
3909,2362,2024-11-28,54.27,0,meta_buyer_file
3910,2362,2024-11-20,188.96,0,organic
3911,2363,2024-01-16,192.61,0,paid_search_brand
3912,2363,2024-03-21,224.09,0,organic
3913,2364,2024-04-17,64.35,0,paid_search_nonbrand
3914,2365,2024-06-10,81.26,0,direct_mail
3915,2366,2024-02-27,62.57,0,meta_buyer_file
3916,2367,2023-04-03,119.17,0,meta_buyer_file
3917,2367,2023-11-26,199.89,0,organic
3918,2368,2024-04-03,148.73,0,direct_mail
3919,2368,2024-10-30,53.38,0,email
3920,2368,2024-06-22,151.84,0,direct_mail
3921,2369,2024-04-08,54.43,0,direct_mail
3922,2369,2024-12-02,231.45,0,organic
3923,2370,2024-06-27,131.11,0,organic
3924,2371,2023-04-27,49.34,0,meta_acquisition
3925,2371,2024-01-02,156.19,0,organic
3926,2371,2023-09-18,133.7,0,meta_acquisition
3927,2371,2023-10-26,95.83,0,email
3928,2372,2023-07-29,45.96,0,direct_mail
3929,2373,2023-07-25,72.4,0,meta_acquisition
3930,2374,2023-09-18,200.69,0,email
3931,2374,2024-03-15,54.1,0,direct_mail
3932,2374,2024-05-17,70.41,0,email
3933,2375,2023-01-20,216.47,0,direct_mail
3934,2375,2023-10-24,112.67,0,email
3935,2375,2023-08-31,54.92,0,email
3936,2376,2023-02-21,129.99,0,paid_search_nonbrand
3937,2377,2023-02-08,159.64,0,direct_mail
3938,2377,2023-03-27,220.52,0,organic
3939,2377,2023-08-03,40.67,0,direct_mail
3940,2377,2023-08-27,259.45,0,email
3941,2378,2023-11-21,52.4,0,email
3942,2379,2024-08-26,190.27,0,paid_search_brand
3943,2380,2024-02-09,137.61,0,email
3944,2380,2024-04-29,141.91,0,email
3945,2381,2023-05-04,111.89,0,email
3946,2381,2024-01-21,124.04,0,email
3947,2381,2023-07-11,87.58,0,organic
3948,2382,2023-02-20,144.93,0,meta_buyer_file
3949,2383,2023-11-27,81.91,0,paid_search_nonbrand
3950,2384,2024-08-28,147.0,0,meta_acquisition
3951,2385,2024-04-01,56.72,0,email
3952,2385,2024-12-04,257.37,0,direct_mail
3953,2385,2024-05-07,87.16,0,email
3954,2386,2024-06-11,203.21,0,meta_buyer_file
3955,2386,2024-07-25,225.03,0,email
3956,2386,2024-12-19,216.71,0,organic
3957,2387,2023-04-08,202.84,0,email
3958,2388,2023-03-27,164.76,0,paid_search_brand
3959,2389,2024-09-01,218.78,0,meta_buyer_file
3960,2390,2023-04-25,36.83,1,direct_mail
3961,2391,2024-05-30,213.8,0,meta_acquisition
3962,2392,2023-03-14,207.41,0,organic
3963,2392,2023-05-24,206.72,0,organic
3964,2393,2023-12-31,174.05,0,meta_buyer_file
3965,2394,2024-06-03,208.19,0,paid_search_nonbrand
3966,2394,2024-09-07,158.82,0,paid_search_nonbrand
3967,2395,2024-04-30,161.65,0,paid_search_nonbrand
3968,2395,2024-09-04,163.95,0,organic
3969,2396,2024-09-01,178.81,0,paid_search_nonbrand
3970,2397,2024-06-07,163.01,0,organic
3971,2398,2024-09-06,142.95,0,meta_acquisition
3972,2399,2024-02-06,219.83,0,meta_buyer_file
3973,2399,2024-03-19,98.77,0,organic
3974,2399,2024-05-04,196.94,0,organic
3975,2399,2024-10-24,213.9,0,meta_buyer_file
3976,2400,2023-04-26,52.7,0,paid_search_nonbrand
3977,2401,2023-07-01,162.98,0,meta_buyer_file
3978,2402,2023-08-18,111.04,0,paid_search_nonbrand
3979,2403,2024-08-17,185.84,0,email
3980,2404,2023-10-27,199.83,0,meta_acquisition
3981,2405,2023-10-17,110.86,0,email
3982,2406,2024-09-18,91.49,0,paid_search_nonbrand
3983,2406,2024-10-20,73.65,0,organic
3984,2406,2024-11-13,124.91,0,direct_mail
3985,2407,2023-12-31,87.55,0,meta_buyer_file
3986,2407,2024-03-02,40.08,0,direct_mail
3987,2407,2024-04-07,157.62,0,direct_mail
3988,2407,2024-07-05,49.04,0,meta_buyer_file
3989,2408,2023-05-21,114.16,0,organic
3990,2409,2024-06-23,145.76,0,paid_search_nonbrand
3991,2410,2023-03-06,57.92,0,direct_mail
3992,2410,2023-06-07,118.7,0,direct_mail
3993,2410,2023-11-01,232.09,0,direct_mail
3994,2410,2023-05-02,91.18,0,direct_mail
3995,2411,2024-02-22,104.8,0,organic
3996,2411,2024-06-13,162.38,0,email
3997,2411,2024-07-03,113.14,0,email
3998,2412,2023-06-19,212.33,0,paid_search_nonbrand
3999,2413,2023-09-26,62.04,0,direct_mail
4000,2413,2024-04-21,103.61,0,email
4001,2414,2024-08-03,192.9,0,paid_search_nonbrand
4002,2415,2023-03-08,67.19,0,email
4003,2416,2024-07-13,140.67,0,meta_acquisition
4004,2417,2024-02-15,141.45,0,meta_buyer_file
4005,2417,2024-06-29,153.73,0,email
4006,2417,2024-10-03,89.82,0,organic
4007,2418,2024-09-29,114.04,0,direct_mail
4008,2419,2024-07-05,205.15,0,meta_acquisition
4009,2420,2024-09-25,99.53,0,meta_buyer_file
4010,2421,2023-04-03,147.96,0,paid_search_nonbrand
4011,2422,2023-02-20,152.4,0,direct_mail
4012,2423,2023-03-01,181.68,0,email
4013,2423,2023-11-13,192.85,0,organic
4014,2423,2023-04-29,55.48,0,email
4015,2424,2024-03-08,55.83,0,meta_acquisition
4016,2425,2024-07-22,81.25,0,email
4017,2426,2024-10-25,135.07,0,direct_mail
4018,2427,2024-05-12,49.34,0,direct_mail
4019,2428,2023-05-20,214.97,0,paid_search_brand
4020,2428,2023-09-23,190.13,0,organic
4021,2428,2024-01-06,238.67,0,paid_search_brand
4022,2429,2024-03-17,53.75,0,meta_buyer_file
4023,2429,2024-11-11,213.91,0,organic
4024,2430,2023-11-19,108.73,0,paid_search_nonbrand
4025,2431,2023-01-30,181.94,0,meta_buyer_file
4026,2431,2023-04-19,211.88,0,email
4027,2432,2024-03-11,194.98,0,direct_mail
4028,2433,2024-01-26,194.5,0,email
4029,2433,2024-05-09,51.92,0,email
4030,2433,2024-08-04,113.48,0,organic
4031,2433,2024-04-23,243.58,0,email
4032,2434,2024-03-11,77.68,0,direct_mail
4033,2434,2024-07-28,252.15,0,direct_mail
4034,2434,2024-10-04,184.46,0,organic
4035,2435,2024-02-15,100.3,0,direct_mail
4036,2435,2024-04-30,101.8,0,email
4037,2436,2023-04-05,215.17,0,paid_search_nonbrand
4038,2437,2024-06-30,156.9,0,email
4039,2437,2024-08-02,63.84,0,email
4040,2437,2024-11-30,196.41,0,direct_mail
4041,2437,2024-09-18,232.42,0,direct_mail
4042,2438,2024-08-14,209.81,0,meta_acquisition
4043,2439,2023-01-14,92.81,0,organic
4044,2440,2023-09-27,156.75,0,email
4045,2440,2024-06-18,76.22,0,direct_mail
4046,2441,2024-06-25,173.7,0,paid_search_brand
4047,2442,2024-03-16,148.03,0,paid_search_nonbrand
4048,2443,2023-02-19,106.31,0,meta_buyer_file
4049,2443,2023-11-18,153.09,0,organic
4050,2443,2023-04-22,67.15,0,direct_mail
4051,2444,2024-05-30,89.31,0,paid_search_nonbrand
4052,2445,2023-10-02,163.27,0,direct_mail
4053,2445,2024-01-13,183.49,0,organic
4054,2445,2024-05-08,72.04,0,direct_mail
4055,2446,2023-03-20,210.28,0,direct_mail
4056,2447,2024-04-03,139.02,0,paid_search_brand
4057,2448,2024-05-18,153.64,0,meta_acquisition
4058,2449,2024-02-12,87.51,0,email
4059,2450,2023-06-20,50.37,0,meta_buyer_file
4060,2451,2024-01-24,188.44,0,meta_acquisition
4061,2452,2023-01-13,55.64,0,meta_acquisition
4062,2453,2024-02-01,189.67,0,organic
4063,2454,2023-07-19,151.55,0,direct_mail
4064,2454,2024-01-04,150.67,0,direct_mail
4065,2454,2023-10-25,177.31,0,direct_mail
4066,2454,2023-11-10,226.51,0,organic
4067,2455,2023-01-13,206.15,0,direct_mail
4068,2456,2023-04-17,170.15,0,meta_buyer_file
4069,2456,2023-09-25,239.1,0,meta_buyer_file
4070,2456,2023-08-13,257.56,0,organic
4071,2457,2023-09-18,162.25,0,paid_search_brand
4072,2457,2024-05-16,156.98,0,organic
4073,2458,2023-03-09,153.42,0,meta_buyer_file
4074,2459,2023-04-20,165.09,0,direct_mail
4075,2460,2023-11-25,149.26,0,paid_search_brand
4076,2461,2024-05-29,89.7,0,meta_buyer_file
4077,2461,2024-11-20,167.44,0,direct_mail
4078,2462,2024-09-05,218.81,0,direct_mail
4079,2463,2023-05-17,63.31,0,email
4080,2464,2023-09-17,51.38,0,paid_search_nonbrand
4081,2465,2024-09-04,213.61,0,meta_buyer_file
4082,2466,2023-07-28,158.52,0,email
4083,2466,2023-10-26,164.96,0,email
4084,2467,2023-06-04,217.43,0,organic
4085,2468,2024-02-06,72.5,0,organic
4086,2468,2024-07-17,230.73,0,email
4087,2469,2024-08-14,82.12,0,meta_buyer_file
4088,2469,2024-09-16,80.73,0,direct_mail
4089,2470,2023-01-03,166.04,0,direct_mail
4090,2470,2023-02-13,240.21,0,direct_mail
4091,2471,2024-01-31,140.85,0,direct_mail
4092,2471,2024-09-20,60.45,0,email
4093,2471,2024-10-21,199.39,0,organic
4094,2472,2023-11-23,157.2,0,meta_acquisition
4095,2473,2023-02-18,93.36,0,email
4096,2474,2024-07-17,79.12,0,meta_acquisition
4097,2475,2024-08-25,163.35,0,paid_search_brand
4098,2476,2023-01-18,176.53,0,paid_search_nonbrand
4099,2476,2023-10-16,112.47,0,paid_search_nonbrand
4100,2476,2023-06-09,223.5,0,organic
4101,2477,2023-01-21,53.06,0,organic
4102,2478,2024-02-04,18.33,1,paid_search_nonbrand
4103,2479,2024-01-15,60.14,0,paid_search_brand
4104,2480,2023-08-19,45.28,0,organic
4105,2480,2024-02-22,219.95,0,organic
4106,2480,2024-04-02,176.1,0,email
4107,2481,2024-06-19,109.27,0,meta_acquisition
4108,2481,2024-12-06,84.51,0,direct_mail
4109,2481,2024-10-23,157.55,0,meta_acquisition
4110,2482,2023-06-13,37.6,1,paid_search_nonbrand
4111,2482,2023-12-02,162.19,0,email
4112,2482,2023-11-10,156.41,0,paid_search_nonbrand
4113,2483,2024-09-21,50.36,0,direct_mail
4114,2484,2024-01-07,58.57,0,paid_search_nonbrand
4115,2485,2024-08-31,48.9,0,paid_search_brand
4116,2486,2024-01-03,213.59,0,paid_search_nonbrand
4117,2487,2023-07-11,97.98,0,paid_search_nonbrand
4118,2488,2024-08-08,69.36,0,paid_search_nonbrand
4119,2489,2023-12-10,215.02,0,meta_buyer_file
4120,2490,2023-10-25,162.42,0,meta_acquisition
4121,2491,2024-09-08,58.06,0,direct_mail
4122,2492,2024-10-22,94.06,0,meta_buyer_file
4123,2493,2023-05-22,75.98,0,paid_search_nonbrand
4124,2494,2023-12-09,58.03,0,meta_buyer_file
4125,2495,2023-09-28,109.13,0,meta_acquisition
4126,2495,2024-01-24,189.82,0,organic
4127,2495,2024-02-29,223.36,0,email
4128,2495,2024-01-17,135.73,0,direct_mail
4129,2496,2023-01-03,69.77,0,email
4130,2496,2023-08-02,166.39,0,email
4131,2497,2023-03-06,83.42,0,meta_acquisition
4132,2498,2023-10-09,125.39,0,organic
4133,2498,2023-12-23,150.68,0,organic
4134,2498,2024-06-22,198.65,0,organic
4135,2499,2023-01-06,129.96,0,direct_mail
4136,2500,2024-06-13,165.55,0,direct_mail
4137,2500,2024-10-28,55.95,0,organic
4138,1792,2024-04-20,152.14,0,direct_mail
4139,318,2024-04-24,164.49,0,direct_mail
4140,52,2024-03-29,121.66,0,direct_mail
4141,2168,2024-04-13,176.61,0,direct_mail
4142,2149,2024-04-10,143.32,0,direct_mail
4143,848,2024-04-08,165.22,0,direct_mail
4144,1833,2024-03-28,125.67,0,organic
4145,1229,2024-04-02,159.48,0,organic
4146,2117,2024-04-21,80.66,0,direct_mail
4147,703,2024-04-02,60.08,0,organic
4148,33,2024-04-02,51.76,0,direct_mail
4149,1311,2024-03-29,100.02,0,direct_mail
4150,395,2024-04-21,133.93,0,direct_mail
4151,228,2024-03-27,112.9,0,organic
4152,2197,2024-03-25,75.76,0,direct_mail
4153,2473,2024-04-10,160.87,0,direct_mail
4154,108,2024-04-09,176.36,0,direct_mail
4155,923,2024-03-21,121.66,0,direct_mail
4156,1162,2024-03-18,113.88,0,direct_mail
4157,861,2024-04-28,159.89,0,direct_mail
4158,1151,2024-03-24,148.07,0,direct_mail
4159,585,2024-04-28,64.92,0,direct_mail
4160,2333,2024-04-29,90.98,0,organic
4161,2122,2024-04-29,59.33,0,direct_mail
4162,297,2024-03-29,171.78,0,direct_mail
4163,173,2024-04-29,61.87,0,direct_mail
4164,2277,2024-04-26,162.69,0,direct_mail
4165,2061,2024-04-20,111.69,0,direct_mail
4166,978,2024-04-19,137.37,0,direct_mail
4167,365,2024-04-13,175.86,0,direct_mail
4168,2129,2024-04-02,95.89,0,direct_mail
4169,2495,2024-04-27,123.51,0,direct_mail
4170,1543,2024-04-10,95.47,0,direct_mail
4171,1273,2024-04-06,129.56,0,direct_mail
4172,498,2024-04-23,107.92,0,direct_mail
4173,754,2024-03-18,55.58,0,direct_mail
4174,2094,2024-04-01,136.23,0,direct_mail
4175,2487,2024-04-22,152.89,0,direct_mail
4176,90335,2024-04-11,73.1,0,direct_mail
4177,90174,2024-03-28,141.81,0,direct_mail
4178,90102,2024-03-29,85.12,0,direct_mail
4179,90069,2024-04-09,121.91,0,direct_mail
4180,90394,2024-04-17,114.09,0,organic
4181,90219,2024-04-27,144.04,0,direct_mail
4182,90396,2024-04-25,109.45,0,direct_mail
4183,90237,2024-03-28,65.37,0,direct_mail
4184,90259,2024-03-20,138.36,0,direct_mail
4185,90163,2024-04-09,100.36,0,direct_mail
4186,90145,2024-04-17,168.82,0,direct_mail
4187,90038,2024-04-04,169.46,0,direct_mail
4188,90116,2024-03-27,152.36,0,direct_mail
4189,90048,2024-04-02,78.01,0,direct_mail
4190,90034,2024-04-18,89.95,0,direct_mail
4191,90318,2024-04-02,101.27,0,direct_mail
4192,90205,2024-04-27,56.13,0,direct_mail
4193,90100,2024-04-22,106.52,0,direct_mail
4194,90216,2024-04-08,147.58,0,direct_mail
4195,90110,2024-04-20,115.36,0,direct_mail
4196,90169,2024-03-25,65.84,0,direct_mail
4197,90336,2024-04-20,92.65,0,direct_mail
4198,90265,2024-04-18,177.42,0,direct_mail
4199,90138,2024-04-18,102.28,0,direct_mail
4200,90273,2024-03-18,130.95,0,direct_mail
4201,90008,2024-04-03,58.82,0,direct_mail
4202,2405,2024-09-13,53.01,0,direct_mail
4203,2254,2024-09-19,143.99,0,direct_mail
4204,1085,2024-10-21,122.19,0,direct_mail
4205,785,2024-10-03,98.76,0,direct_mail
4206,560,2024-10-08,68.3,0,direct_mail
4207,92,2024-10-18,173.55,0,direct_mail
4208,1151,2024-10-25,162.62,0,direct_mail
4209,563,2024-09-21,123.0,0,direct_mail
4210,2030,2024-10-14,143.49,0,direct_mail
4211,1886,2024-09-21,157.39,0,direct_mail
4212,183,2024-10-08,160.15,0,direct_mail
4213,1589,2024-09-19,154.82,0,direct_mail
4214,68,2024-10-08,135.79,0,direct_mail
4215,232,2024-10-25,105.77,0,direct_mail
4216,90,2024-10-16,86.04,0,direct_mail
4217,452,2024-09-19,156.15,0,organic
4218,1488,2024-09-28,114.57,0,direct_mail
4219,1713,2024-09-18,154.99,0,organic
4220,90163,2024-10-02,169.47,0,direct_mail
4221,2497,2024-09-19,147.53,0,direct_mail
4222,379,2024-10-12,149.05,0,direct_mail
4223,490,2024-09-19,165.0,0,direct_mail
4224,1090,2024-10-13,169.94,0,direct_mail
4225,90069,2024-10-01,121.11,0,organic
4226,2046,2024-10-07,128.32,0,direct_mail
4227,2413,2024-10-11,138.69,0,direct_mail
4228,355,2024-09-26,57.95,0,direct_mail
4229,941,2024-09-19,113.27,0,direct_mail
4230,95,2024-10-19,72.46,0,direct_mail
4231,1079,2024-10-25,140.23,0,direct_mail
4232,1207,2024-10-12,157.92,0,direct_mail
4233,1992,2024-10-11,70.79,0,direct_mail
4234,702,2024-10-19,156.22,0,direct_mail
4235,1293,2024-09-22,155.25,0,direct_mail
4236,90304,2024-10-11,111.8,0,direct_mail
4237,90273,2024-10-12,134.48,0,direct_mail
4238,90055,2024-10-08,111.23,0,direct_mail
4239,90361,2024-10-15,108.78,0,direct_mail
4240,90239,2024-09-25,172.66,0,organic
4241,90258,2024-09-14,116.71,0,direct_mail
4242,90245,2024-09-22,117.12,0,direct_mail
4243,90157,2024-09-24,179.25,0,direct_mail
4244,90374,2024-09-24,51.42,0,direct_mail
4245,90028,2024-10-18,168.23,0,direct_mail
4246,90187,2024-10-01,81.5,0,direct_mail
4247,90101,2024-09-20,82.12,0,direct_mail
4248,90290,2024-09-29,166.38,0,direct_mail
4249,90105,2024-09-17,87.65,0,direct_mail
4250,90020,2024-09-24,80.36,0,direct_mail
4251,90199,2024-10-13,135.65,0,direct_mail
4252,90015,2024-10-02,145.13,0,direct_mail
4253,90059,2024-10-18,160.93,0,direct_mail
4254,90027,2024-09-13,126.42,0,direct_mail
4255,90274,2024-10-12,153.83,0,direct_mail
4256,90176,2024-09-16,101.14,0,direct_mail
4257,90391,2024-09-15,66.8,0,direct_mail
4258,90348,2024-09-26,126.26,0,direct_mail
4259,90188,2024-09-25,95.93,0,organic
